INFO: Initializing raylib 5.6-dev
INFO: Platform backend: DESKTOP (GLFW)
INFO: Supported raylib modules:
INFO:     > rcore:..... loaded (mandatory)
INFO:     > rlgl:...... loaded (mandatory)
INFO:     > rshapes:... loaded (optional)
INFO:     > rtextures:. loaded (optional)
INFO:     > rtext:..... loaded (optional)
INFO:     > rmodels:... loaded (optional)
INFO:     > raudio:.... loaded (optional)
createGLMContext: creating context at 0x62d000014400
  Context zeroed, viewport is now [0, 0, 0, 0]
DEBUG: *** mglClear called with mask=0x4000 ***
DEBUG: *** clear_bitmask set to 0x4000 ***

===== MGLswapBuffers called from application =====
DEBUG: endRenderEncoding - encoder was already NULL
DEBUG: newRenderEncoder called from:
  0   libmgl.dylib                        0x0000000103d71b0c -[MGLRenderer newRenderEncoder] + 392
  1   libmgl.dylib                        0x0000000103d87568 -[MGLRenderer processGLState:] + 1756
  2   libmgl.dylib                        0x0000000103d97078 -[MGLRenderer mtlSwapBuffers:] + 868
  3   libmgl.dylib                        0x0000000103d977dc mtlSwapBuffers + 276
  4   libmgl.dylib                        0x0000000103c4a9f8 MGLswapBuffers + 384
DEBUG: endRenderEncoding - encoder was already NULL
DEBUG: Checking clear: bitmask=0x4000, frameWasCleared=0
DEBUG: Will apply clear settings
DEBUG: Setting loadAction=Clear, clearColor=(0.00,0.00,0.00,0.00) [FRAME CLEAR]
DEBUG: Clearing clear_bitmask after applying clear settings
DEBUG: Creating render encoder, loadAction=2, texture=0x616000051680
DEBUG: updateCurrentRenderEncoder: depth_test=0, stencil_test=0, blend=0
DEBUG: Viewport was 0x0, using render target size: 1280x1280
DEBUG: Setting viewport from ctx=0x62d000014400: x=0, y=0, width=1280, height=1280
DEBUG: endRenderEncoding - ending encoder 0x60d00002ad30
DEBUG: endRenderEncoding - encoder set to NULL
===== MGLswapBuffers finished =====

createGLMContext: creating context at 0x62d0000c8400
  Context zeroed, viewport is now [0, 0, 0, 0]
INFO: DISPLAY: Device initialized successfully
INFO:     > Display size: 2560 x 1440
INFO:     > Screen size:  640 x 640
INFO:     > Render size:  640 x 640
INFO:     > Viewport offsets: 0, 0
INFO: GLAD: OpenGL extensions loaded successfully
INFO: GL: Supported extensions count: 0
INFO: GL: OpenGL device information:
INFO:     > Vendor:   Mike Larson
INFO:     > Renderer: MGL
INFO:     > Version:  4.6.0
INFO:     > GLSL:     4.6
INFO: GL: VAO extension detected, VAO functions loaded successfully
INFO: GL: NPOT textures extension detected, full NPOT textures supported
INFO: PLATFORM: DESKTOP (GLFW - Cocoa): Initialized successfully
INFO: TEXTURE: [ID 1] Texture loaded successfully (1x1 | R8G8B8A8 | 1 mipmaps)
INFO: TEXTURE: [ID 1] Default texture loaded successfully
DEBUG: mglShaderSource for shader 1 (type 35633), len=542
       Full source:
#version 430                       
layout(location = 0) in vec3 vertexPosition; 
layout(location = 1) in vec2 vertexTexCoord; 
layout(location = 2) in vec4 vertexColor;    
layout(location = 0) out vec2 fragTexCoord;  
layout(location = 1) out vec4 fragColor;     
layout(location = 0) uniform mat4 mvp;       
void main()                        
{                                  
    fragTexCoord = vertexTexCoord; 
    fragColor = vertexColor;       
    gl_Position = mvp*vec4(vertexPosition, 1.0); 
}                                  

       ===END SHADER SOURCE===
DEBUG: mglCompileShader:323: Creating glslang shader for type 35633
DEBUG: mglCompileShader:331: Successfully created glslang shader 0x6060000aaf00 for type 35633
DEBUG: mglCompileShader:376: Parsing glslang shader 0x6060000aaf00 for type 35633
DEBUG: mglCompileShader:378: Parse result for type 35633: err=1
DEBUG: mglCompileShader:419: Successfully compiled glslang shader 0x6060000aaf00 for type 35633
INFO: SHADER: [ID 1] Vertex shader compiled successfully
DEBUG: mglShaderSource for shader 2 (type 35632), len=493
       Full source:
#version 430                       
layout(location = 0) in vec2 fragTexCoord;  
layout(location = 1) in vec4 fragColor;     
layout(location = 0) out vec4 finalColor;   
layout(binding = 0) uniform sampler2D texture0; 
layout(location = 1) uniform vec4 colDiffuse;   
void main()                        
{                                  
    vec4 texelColor = texture(texture0, fragTexCoord);   
    finalColor = texelColor*colDiffuse*fragColor;        
}                                  

       ===END SHADER SOURCE===
DEBUG: mglCompileShader:323: Creating glslang shader for type 35632
DEBUG: mglCompileShader:331: Successfully created glslang shader 0x6060000ab7a0 for type 35632
DEBUG: mglCompileShader:376: Parsing glslang shader 0x6060000ab7a0 for type 35632
DEBUG: mglCompileShader:378: Parse result for type 35632: err=1
DEBUG: mglCompileShader:419: Successfully compiled glslang shader 0x6060000ab7a0 for type 35632
INFO: SHADER: [ID 2] Fragment shader compiled successfully
DEBUG: mglAttachShader setting DIRTY_PROGRAM on program 1
DEBUG: mglAttachShader setting DIRTY_PROGRAM on program 1
DEBUG: addShadersToProgram:321: Adding shader stage 0 (type 35633) to program, glsl_shader=0x6060000aaf00
DEBUG: addShadersToProgram:331: Successfully added shader stage 0 to program
DEBUG: addShadersToProgram:321: Adding shader stage 4 (type 35632) to program, glsl_shader=0x6060000ab7a0
DEBUG: addShadersToProgram:331: Successfully added shader stage 4 to program
DEBUG: parseSPIRVShaderToMetal:454: SET entry_point for stage 0: vertex_1_main
DEBUG: parseSPIRVShaderToMetal:509: res_type: STAGE_INPUT ID: 11, BaseTypeID: 7, TypeID: 10, Name: vertexTexCoord DEBUG: parseSPIRVShaderToMetal:531: Set: 0, Location: 1 Index: 0, offset: 0
DEBUG: parseSPIRVShaderToMetal:509: res_type: STAGE_INPUT ID: 17, BaseTypeID: 13, TypeID: 16, Name: vertexColor DEBUG: parseSPIRVShaderToMetal:531: Set: 0, Location: 2 Index: 0, offset: 0
DEBUG: parseSPIRVShaderToMetal:509: res_type: STAGE_INPUT ID: 33, BaseTypeID: 31, TypeID: 32, Name: vertexPosition DEBUG: parseSPIRVShaderToMetal:531: Set: 0, Location: 0 Index: 0, offset: 0
DEBUG: parseSPIRVShaderToMetal:509: res_type: STAGE_OUTPUT ID: 9, BaseTypeID: 7, TypeID: 8, Name: fragTexCoord DEBUG: parseSPIRVShaderToMetal:531: Set: 0, Location: 0 Index: 0, offset: 0
DEBUG: parseSPIRVShaderToMetal:509: res_type: STAGE_OUTPUT ID: 15, BaseTypeID: 13, TypeID: 14, Name: fragColor DEBUG: parseSPIRVShaderToMetal:531: Set: 0, Location: 1 Index: 0, offset: 0
DEBUG: error_callback:290: parseSPIRVShader error:Invalid argument.
DEBUG: parseSPIRVShaderToMetal:497: Skipping unsupported resource type RAY_QUERY for MSL backend
DEBUG: parseSPIRVShaderToMetal:509: res_type: GL_PLAIN_UNIFORM ID: 29, BaseTypeID: 27, TypeID: 28, Name: mvp DEBUG: parseSPIRVShaderToMetal:549: Set: 0, Binding: 0 Location: 0 Index: 0, Uniform: 0 offset: 0
DEBUG: parseSPIRVShaderToMetal:606: 
#include <metal_stdlib>
#include <simd/simd.h>

using namespace metal;

struct vertex_1_main_out
{
    float2 fragTexCoord [[user(locn0)]];
    float4 fragColor [[user(locn1)]];
    float4 gl_Position [[position]];
};

struct vertex_1_main_in
{
    float3 vertexPosition [[attribute(0)]];
    float2 vertexTexCoord [[attribute(1)]];
    float4 vertexColor [[attribute(2)]];
};

vertex vertex_1_main_out vertex_1_main(vertex_1_main_in in [[stage_in]], constant float4x4& mvp [[buffer(0)]])
{
    vertex_1_main_out out = {};
    out.fragTexCoord = in.vertexTexCoord;
    out.fragColor = in.vertexColor;
    out.gl_Position = mvp * float4(in.vertexPosition, 1.0);
    return out;
}


DEBUG: parseSPIRVShaderToMetal:454: SET entry_point for stage 4: fragment_2
DEBUG: parseSPIRVShaderToMetal:509: res_type: STAGE_INPUT ID: 17, BaseTypeID: 15, TypeID: 16, Name: fragTexCoord DEBUG: parseSPIRVShaderToMetal:531: Set: 0, Location: 0 Index: 0, offset: 0
DEBUG: parseSPIRVShaderToMetal:509: res_type: STAGE_INPUT ID: 28, BaseTypeID: 7, TypeID: 27, Name: fragColor DEBUG: parseSPIRVShaderToMetal:531: Set: 0, Location: 1 Index: 0, offset: 0
DEBUG: parseSPIRVShaderToMetal:509: res_type: STAGE_OUTPUT ID: 21, BaseTypeID: 7, TypeID: 20, Name: finalColor DEBUG: parseSPIRVShaderToMetal:531: Set: 0, Location: 0 Index: 0, offset: 0
DEBUG: parseSPIRVShaderToMetal:509: res_type: SAMPLED_IMAGE ID: 13, BaseTypeID: 11, TypeID: 12, Name: texture0 DEBUG: parseSPIRVShaderToMetal:538: Set: 0, Location: 0
DEBUG: error_callback:290: parseSPIRVShader error:Invalid argument.
DEBUG: parseSPIRVShaderToMetal:497: Skipping unsupported resource type RAY_QUERY for MSL backend
DEBUG: parseSPIRVShaderToMetal:509: res_type: GL_PLAIN_UNIFORM ID: 24, BaseTypeID: 7, TypeID: 23, Name: colDiffuse DEBUG: parseSPIRVShaderToMetal:549: Set: 0, Binding: 0 Location: 1 Index: 0, Uniform: 0 offset: 0
DEBUG: parseSPIRVShaderToMetal:606: 
#include <metal_stdlib>
#include <simd/simd.h>

using namespace metal;

struct fragment_2_out
{
    float4 finalColor [[color(0)]];
};

struct fragment_2_in
{
    float2 fragTexCoord [[user(locn0)]];
    float4 fragColor [[user(locn1)]];
};

fragment fragment_2_out fragment_2(fragment_2_in in [[stage_in]], constant float4& colDiffuse [[buffer(0)]], texture2d<float> texture0 [[texture(0)]], sampler texture0Smplr [[sampler(0)]])
{
    fragment_2_out out = {};
    float4 texelColor = texture0.sample(texture0Smplr, in.fragTexCoord);
    out.finalColor = (texelColor * colDiffuse) * in.fragColor;
    return out;
}


DEBUG: mglLinkProgram setting DIRTY_PROGRAM on program 1
DEBUG: bindMTLProgram called for program 1, dirty_bits=0x100
DEBUG: DIRTY_PROGRAM set on program 1, releasing MTL functions!
DEBUG: Clearing pipeline cache due to DIRTY_PROGRAM on program 1
DEBUG: bindMTLProgram clearing DIRTY_PROGRAM on program 1
DEBUG: -[MGLRenderer bindMTLProgram:]:1902: Binding stage 0, entry_point = vertex_1_main
DEBUG: -[MGLRenderer bindMTLProgram:]:1902: Binding stage 4, entry_point = fragment_2
INFO: SHADER: [ID 1] Program shader loaded successfully
INFO: SHADER: [ID 1] Default shader loaded successfully
DEBUG: mglGetUniformLocation:81: mglGetUniformLocation: Looking for 'mvp'
DEBUG: mglGetUniformLocation:113:   Stage 0: 1 plain uniforms
DEBUG: mglGetUniformLocation:117:     Plain uniform[0]: mvp
DEBUG: mglGetUniformLocation:123:       FOUND! Plain uniform location=0, binding=0
DEBUG: mglGetUniformLocation:81: mglGetUniformLocation: Looking for 'colDiffuse'
DEBUG: mglGetUniformLocation:113:   Stage 0: 1 plain uniforms
DEBUG: mglGetUniformLocation:117:     Plain uniform[0]: mvp
DEBUG: mglGetUniformLocation:130:   Stage 0: 0 uniform buffers
DEBUG: mglGetUniformLocation:113:   Stage 1: 0 plain uniforms
DEBUG: mglGetUniformLocation:130:   Stage 1: 0 uniform buffers
DEBUG: mglGetUniformLocation:113:   Stage 2: 0 plain uniforms
DEBUG: mglGetUniformLocation:130:   Stage 2: 0 uniform buffers
DEBUG: mglGetUniformLocation:113:   Stage 3: 0 plain uniforms
DEBUG: mglGetUniformLocation:130:   Stage 3: 0 uniform buffers
DEBUG: mglGetUniformLocation:113:   Stage 4: 1 plain uniforms
DEBUG: mglGetUniformLocation:117:     Plain uniform[0]: colDiffuse
DEBUG: mglGetUniformLocation:123:       FOUND! Plain uniform location=1, binding=0
DEBUG: mglGetUniformLocation:81: mglGetUniformLocation: Looking for 'texture0'
DEBUG: mglGetUniformLocation:113:   Stage 0: 1 plain uniforms
DEBUG: mglGetUniformLocation:117:     Plain uniform[0]: mvp
DEBUG: mglGetUniformLocation:130:   Stage 0: 0 uniform buffers
DEBUG: mglGetUniformLocation:113:   Stage 1: 0 plain uniforms
DEBUG: mglGetUniformLocation:130:   Stage 1: 0 uniform buffers
DEBUG: mglGetUniformLocation:113:   Stage 2: 0 plain uniforms
DEBUG: mglGetUniformLocation:130:   Stage 2: 0 uniform buffers
DEBUG: mglGetUniformLocation:113:   Stage 3: 0 plain uniforms
DEBUG: mglGetUniformLocation:130:   Stage 3: 0 uniform buffers
DEBUG: mglGetUniformLocation:113:   Stage 4: 1 plain uniforms
DEBUG: mglGetUniformLocation:117:     Plain uniform[0]: colDiffuse
DEBUG: mglGetUniformLocation:130:   Stage 4: 0 uniform buffers
DEBUG: mglGetUniformLocation:113:   Stage 5: 0 plain uniforms
DEBUG: mglGetUniformLocation:130:   Stage 5: 0 uniform buffers
DEBUG: mglGetUniformLocation:159:   NOT FOUND, returning -1
INFO: RLGL: Render batch vertex buffers loaded successfully in RAM (CPU)
DEBUG: mglBindVertexArray: array=1, ptr=0x618000024c80, old_vao=0x0
INFO: RLGL: Render batch vertex buffers loaded successfully in VRAM (GPU)
DEBUG: mglBindVertexArray: array=0, ptr=0x0, old_vao=0x618000024c80
DEBUG: *** mglClear called with mask=0x4100 ***
DEBUG: *** clear_bitmask set to 0x4100 ***
INFO: RLGL: Default OpenGL state initialized successfully
mglViewport called: ctx=0x62d000014400, x=0, y=0, width=1280, height=1280
  Viewport set successfully on ctx=0x62d000014400: [0, 0, 1280, 1280]
INFO: TEXTURE: [ID 2] Texture loaded successfully (128x128 | GRAY_ALPHA | 1 mipmaps)
INFO: FONT: Default font loaded successfully (224 glyphs)
INFO: SYSTEM: Working Directory: /Users/tnixc/Developer/MGL/examples/elle
INFO: TIMER: Target time per frame: 16.667 milliseconds
DEBUG: LoadFileText loading file: ./resources/burning_ship.fs, fopen result: 0x1fc712af0
DEBUG: LoadFileText read 362 bytes from ./resources/burning_ship.fs
       First 300 chars: #version 460

// Input vertex attributes (from vertex shader)
layout(location = 0) in vec2 fragTexCoord;
layout(location = 1) in vec4 fragColor;

// Output fragment color
layout(location = 0) out vec4 finalColor;

void main() {
    // Display UV coordinates as colors (red = U, green = V, blue = 1.0,
INFO: FILEIO: [./resources/burning_ship.fs] Text file loaded successfully
DEBUG: mglShaderSource for shader 3 (type 35632), len=362
       Full source:
#version 460

// Input vertex attributes (from vertex shader)
layout(location = 0) in vec2 fragTexCoord;
layout(location = 1) in vec4 fragColor;

// Output fragment color
layout(location = 0) out vec4 finalColor;

void main() {
    // Display UV coordinates as colors (red = U, green = V, blue = 1.0, alpha = 1.0)
    finalColor = vec4(fragTexCoord, 1.0, 1.0);
}
       ===END SHADER SOURCE===
DEBUG: mglCompileShader:323: Creating glslang shader for type 35632
DEBUG: mglCompileShader:331: Successfully created glslang shader 0x6060000b7c80 for type 35632
DEBUG: mglCompileShader:376: Parsing glslang shader 0x6060000b7c80 for type 35632
DEBUG: mglCompileShader:378: Parse result for type 35632: err=1
DEBUG: mglCompileShader:419: Successfully compiled glslang shader 0x6060000b7c80 for type 35632
INFO: SHADER: [ID 3] Fragment shader compiled successfully
DEBUG: mglAttachShader setting DIRTY_PROGRAM on program 2
DEBUG: mglAttachShader setting DIRTY_PROGRAM on program 2
DEBUG: addShadersToProgram:321: Adding shader stage 0 (type 35633) to program, glsl_shader=0x6060000aaf00
DEBUG: addShadersToProgram:331: Successfully added shader stage 0 to program
DEBUG: addShadersToProgram:321: Adding shader stage 4 (type 35632) to program, glsl_shader=0x6060000b7c80
DEBUG: addShadersToProgram:331: Successfully added shader stage 4 to program
DEBUG: parseSPIRVShaderToMetal:454: SET entry_point for stage 0: vertex_1_main
DEBUG: parseSPIRVShaderToMetal:509: res_type: STAGE_INPUT ID: 11, BaseTypeID: 7, TypeID: 10, Name: vertexTexCoord DEBUG: parseSPIRVShaderToMetal:531: Set: 0, Location: 1 Index: 0, offset: 0
DEBUG: parseSPIRVShaderToMetal:509: res_type: STAGE_INPUT ID: 17, BaseTypeID: 13, TypeID: 16, Name: vertexColor DEBUG: parseSPIRVShaderToMetal:531: Set: 0, Location: 2 Index: 0, offset: 0
DEBUG: parseSPIRVShaderToMetal:509: res_type: STAGE_INPUT ID: 33, BaseTypeID: 31, TypeID: 32, Name: vertexPosition DEBUG: parseSPIRVShaderToMetal:531: Set: 0, Location: 0 Index: 0, offset: 0
DEBUG: parseSPIRVShaderToMetal:509: res_type: STAGE_OUTPUT ID: 9, BaseTypeID: 7, TypeID: 8, Name: fragTexCoord DEBUG: parseSPIRVShaderToMetal:531: Set: 0, Location: 0 Index: 0, offset: 0
DEBUG: parseSPIRVShaderToMetal:509: res_type: STAGE_OUTPUT ID: 15, BaseTypeID: 13, TypeID: 14, Name: fragColor DEBUG: parseSPIRVShaderToMetal:531: Set: 0, Location: 1 Index: 0, offset: 0
DEBUG: error_callback:290: parseSPIRVShader error:Invalid argument.
DEBUG: parseSPIRVShaderToMetal:497: Skipping unsupported resource type RAY_QUERY for MSL backend
DEBUG: parseSPIRVShaderToMetal:509: res_type: GL_PLAIN_UNIFORM ID: 29, BaseTypeID: 27, TypeID: 28, Name: mvp DEBUG: parseSPIRVShaderToMetal:549: Set: 0, Binding: 0 Location: 0 Index: 0, Uniform: 0 offset: 0
DEBUG: parseSPIRVShaderToMetal:606: 
#include <metal_stdlib>
#include <simd/simd.h>

using namespace metal;

struct vertex_1_main_out
{
    float2 fragTexCoord [[user(locn0)]];
    float4 fragColor [[user(locn1)]];
    float4 gl_Position [[position]];
};

struct vertex_1_main_in
{
    float3 vertexPosition [[attribute(0)]];
    float2 vertexTexCoord [[attribute(1)]];
    float4 vertexColor [[attribute(2)]];
};

vertex vertex_1_main_out vertex_1_main(vertex_1_main_in in [[stage_in]], constant float4x4& mvp [[buffer(0)]])
{
    vertex_1_main_out out = {};
    out.fragTexCoord = in.vertexTexCoord;
    out.fragColor = in.vertexColor;
    out.gl_Position = mvp * float4(in.vertexPosition, 1.0);
    return out;
}


DEBUG: parseSPIRVShaderToMetal:454: SET entry_point for stage 4: fragment_3
DEBUG: parseSPIRVShaderToMetal:509: res_type: STAGE_INPUT ID: 12, BaseTypeID: 10, TypeID: 11, Name: fragTexCoord DEBUG: parseSPIRVShaderToMetal:531: Set: 0, Location: 0 Index: 0, offset: 0
DEBUG: parseSPIRVShaderToMetal:509: res_type: STAGE_INPUT ID: 19, BaseTypeID: 7, TypeID: 18, Name: fragColor DEBUG: parseSPIRVShaderToMetal:531: Set: 0, Location: 1 Index: 0, offset: 0
DEBUG: parseSPIRVShaderToMetal:509: res_type: STAGE_OUTPUT ID: 9, BaseTypeID: 7, TypeID: 8, Name: finalColor DEBUG: parseSPIRVShaderToMetal:531: Set: 0, Location: 0 Index: 0, offset: 0
DEBUG: error_callback:290: parseSPIRVShader error:Invalid argument.
DEBUG: parseSPIRVShaderToMetal:497: Skipping unsupported resource type RAY_QUERY for MSL backend
DEBUG: parseSPIRVShaderToMetal:606: 
#include <metal_stdlib>
#include <simd/simd.h>

using namespace metal;

struct fragment_3_out
{
    float4 finalColor [[color(0)]];
};

struct fragment_3_in
{
    float2 fragTexCoord [[user(locn0)]];
};

fragment fragment_3_out fragment_3(fragment_3_in in [[stage_in]])
{
    fragment_3_out out = {};
    out.finalColor = float4(in.fragTexCoord, 1.0, 1.0);
    return out;
}


DEBUG: mglLinkProgram setting DIRTY_PROGRAM on program 2
DEBUG: bindMTLProgram called for program 2, dirty_bits=0x100
DEBUG: DIRTY_PROGRAM set on program 2, releasing MTL functions!
DEBUG: Clearing pipeline cache due to DIRTY_PROGRAM on program 2
DEBUG: bindMTLProgram clearing DIRTY_PROGRAM on program 2
DEBUG: -[MGLRenderer bindMTLProgram:]:1902: Binding stage 0, entry_point = vertex_1_main
DEBUG: -[MGLRenderer bindMTLProgram:]:1902: Binding stage 4, entry_point = fragment_3
INFO: SHADER: [ID 2] Program shader loaded successfully
DEBUG: mglDetachShader skipping DIRTY_PROGRAM on linked program 2
DEBUG: rlGetShaderIdDefault() returning 1 (RLGL.State.defaultShaderId = 1)
DEBUG: mglGetUniformLocation:81: mglGetUniformLocation: Looking for 'mvp'
DEBUG: mglGetUniformLocation:113:   Stage 0: 1 plain uniforms
DEBUG: mglGetUniformLocation:117:     Plain uniform[0]: mvp
DEBUG: mglGetUniformLocation:123:       FOUND! Plain uniform location=0, binding=0
DEBUG: mglGetUniformLocation:81: mglGetUniformLocation: Looking for 'matView'
DEBUG: mglGetUniformLocation:113:   Stage 0: 1 plain uniforms
DEBUG: mglGetUniformLocation:117:     Plain uniform[0]: mvp
DEBUG: mglGetUniformLocation:130:   Stage 0: 0 uniform buffers
DEBUG: mglGetUniformLocation:113:   Stage 1: 0 plain uniforms
DEBUG: mglGetUniformLocation:130:   Stage 1: 0 uniform buffers
DEBUG: mglGetUniformLocation:113:   Stage 2: 0 plain uniforms
DEBUG: mglGetUniformLocation:130:   Stage 2: 0 uniform buffers
DEBUG: mglGetUniformLocation:113:   Stage 3: 0 plain uniforms
DEBUG: mglGetUniformLocation:130:   Stage 3: 0 uniform buffers
DEBUG: mglGetUniformLocation:113:   Stage 4: 0 plain uniforms
DEBUG: mglGetUniformLocation:130:   Stage 4: 0 uniform buffers
DEBUG: mglGetUniformLocation:113:   Stage 5: 0 plain uniforms
DEBUG: mglGetUniformLocation:130:   Stage 5: 0 uniform buffers
DEBUG: mglGetUniformLocation:159:   NOT FOUND, returning -1
DEBUG: mglGetUniformLocation:81: mglGetUniformLocation: Looking for 'matProjection'
DEBUG: mglGetUniformLocation:113:   Stage 0: 1 plain uniforms
DEBUG: mglGetUniformLocation:117:     Plain uniform[0]: mvp
DEBUG: mglGetUniformLocation:130:   Stage 0: 0 uniform buffers
DEBUG: mglGetUniformLocation:113:   Stage 1: 0 plain uniforms
DEBUG: mglGetUniformLocation:130:   Stage 1: 0 uniform buffers
DEBUG: mglGetUniformLocation:113:   Stage 2: 0 plain uniforms
DEBUG: mglGetUniformLocation:130:   Stage 2: 0 uniform buffers
DEBUG: mglGetUniformLocation:113:   Stage 3: 0 plain uniforms
DEBUG: mglGetUniformLocation:130:   Stage 3: 0 uniform buffers
DEBUG: mglGetUniformLocation:113:   Stage 4: 0 plain uniforms
DEBUG: mglGetUniformLocation:130:   Stage 4: 0 uniform buffers
DEBUG: mglGetUniformLocation:113:   Stage 5: 0 plain uniforms
DEBUG: mglGetUniformLocation:130:   Stage 5: 0 uniform buffers
DEBUG: mglGetUniformLocation:159:   NOT FOUND, returning -1
DEBUG: mglGetUniformLocation:81: mglGetUniformLocation: Looking for 'matModel'
DEBUG: mglGetUniformLocation:113:   Stage 0: 1 plain uniforms
DEBUG: mglGetUniformLocation:117:     Plain uniform[0]: mvp
DEBUG: mglGetUniformLocation:130:   Stage 0: 0 uniform buffers
DEBUG: mglGetUniformLocation:113:   Stage 1: 0 plain uniforms
DEBUG: mglGetUniformLocation:130:   Stage 1: 0 uniform buffers
DEBUG: mglGetUniformLocation:113:   Stage 2: 0 plain uniforms
DEBUG: mglGetUniformLocation:130:   Stage 2: 0 uniform buffers
DEBUG: mglGetUniformLocation:113:   Stage 3: 0 plain uniforms
DEBUG: mglGetUniformLocation:130:   Stage 3: 0 uniform buffers
DEBUG: mglGetUniformLocation:113:   Stage 4: 0 plain uniforms
DEBUG: mglGetUniformLocation:130:   Stage 4: 0 uniform buffers
DEBUG: mglGetUniformLocation:113:   Stage 5: 0 plain uniforms
DEBUG: mglGetUniformLocation:130:   Stage 5: 0 uniform buffers
DEBUG: mglGetUniformLocation:159:   NOT FOUND, returning -1
DEBUG: mglGetUniformLocation:81: mglGetUniformLocation: Looking for 'matNormal'
DEBUG: mglGetUniformLocation:113:   Stage 0: 1 plain uniforms
DEBUG: mglGetUniformLocation:117:     Plain uniform[0]: mvp
DEBUG: mglGetUniformLocation:130:   Stage 0: 0 uniform buffers
DEBUG: mglGetUniformLocation:113:   Stage 1: 0 plain uniforms
DEBUG: mglGetUniformLocation:130:   Stage 1: 0 uniform buffers
DEBUG: mglGetUniformLocation:113:   Stage 2: 0 plain uniforms
DEBUG: mglGetUniformLocation:130:   Stage 2: 0 uniform buffers
DEBUG: mglGetUniformLocation:113:   Stage 3: 0 plain uniforms
DEBUG: mglGetUniformLocation:130:   Stage 3: 0 uniform buffers
DEBUG: mglGetUniformLocation:113:   Stage 4: 0 plain uniforms
DEBUG: mglGetUniformLocation:130:   Stage 4: 0 uniform buffers
DEBUG: mglGetUniformLocation:113:   Stage 5: 0 plain uniforms
DEBUG: mglGetUniformLocation:130:   Stage 5: 0 uniform buffers
DEBUG: mglGetUniformLocation:159:   NOT FOUND, returning -1
DEBUG: mglGetUniformLocation:81: mglGetUniformLocation: Looking for 'boneMatrices'
DEBUG: mglGetUniformLocation:113:   Stage 0: 1 plain uniforms
DEBUG: mglGetUniformLocation:117:     Plain uniform[0]: mvp
DEBUG: mglGetUniformLocation:130:   Stage 0: 0 uniform buffers
DEBUG: mglGetUniformLocation:113:   Stage 1: 0 plain uniforms
DEBUG: mglGetUniformLocation:130:   Stage 1: 0 uniform buffers
DEBUG: mglGetUniformLocation:113:   Stage 2: 0 plain uniforms
DEBUG: mglGetUniformLocation:130:   Stage 2: 0 uniform buffers
DEBUG: mglGetUniformLocation:113:   Stage 3: 0 plain uniforms
DEBUG: mglGetUniformLocation:130:   Stage 3: 0 uniform buffers
DEBUG: mglGetUniformLocation:113:   Stage 4: 0 plain uniforms
DEBUG: mglGetUniformLocation:130:   Stage 4: 0 uniform buffers
DEBUG: mglGetUniformLocation:113:   Stage 5: 0 plain uniforms
DEBUG: mglGetUniformLocation:130:   Stage 5: 0 uniform buffers
DEBUG: mglGetUniformLocation:159:   NOT FOUND, returning -1
DEBUG: mglGetUniformLocation:81: mglGetUniformLocation: Looking for 'colDiffuse'
DEBUG: mglGetUniformLocation:113:   Stage 0: 1 plain uniforms
DEBUG: mglGetUniformLocation:117:     Plain uniform[0]: mvp
DEBUG: mglGetUniformLocation:130:   Stage 0: 0 uniform buffers
DEBUG: mglGetUniformLocation:113:   Stage 1: 0 plain uniforms
DEBUG: mglGetUniformLocation:130:   Stage 1: 0 uniform buffers
DEBUG: mglGetUniformLocation:113:   Stage 2: 0 plain uniforms
DEBUG: mglGetUniformLocation:130:   Stage 2: 0 uniform buffers
DEBUG: mglGetUniformLocation:113:   Stage 3: 0 plain uniforms
DEBUG: mglGetUniformLocation:130:   Stage 3: 0 uniform buffers
DEBUG: mglGetUniformLocation:113:   Stage 4: 0 plain uniforms
DEBUG: mglGetUniformLocation:130:   Stage 4: 0 uniform buffers
DEBUG: mglGetUniformLocation:113:   Stage 5: 0 plain uniforms
DEBUG: mglGetUniformLocation:130:   Stage 5: 0 uniform buffers
DEBUG: mglGetUniformLocation:159:   NOT FOUND, returning -1
DEBUG: mglGetUniformLocation:81: mglGetUniformLocation: Looking for 'texture0'
DEBUG: mglGetUniformLocation:113:   Stage 0: 1 plain uniforms
DEBUG: mglGetUniformLocation:117:     Plain uniform[0]: mvp
DEBUG: mglGetUniformLocation:130:   Stage 0: 0 uniform buffers
DEBUG: mglGetUniformLocation:113:   Stage 1: 0 plain uniforms
DEBUG: mglGetUniformLocation:130:   Stage 1: 0 uniform buffers
DEBUG: mglGetUniformLocation:113:   Stage 2: 0 plain uniforms
DEBUG: mglGetUniformLocation:130:   Stage 2: 0 uniform buffers
DEBUG: mglGetUniformLocation:113:   Stage 3: 0 plain uniforms
DEBUG: mglGetUniformLocation:130:   Stage 3: 0 uniform buffers
DEBUG: mglGetUniformLocation:113:   Stage 4: 0 plain uniforms
DEBUG: mglGetUniformLocation:130:   Stage 4: 0 uniform buffers
DEBUG: mglGetUniformLocation:113:   Stage 5: 0 plain uniforms
DEBUG: mglGetUniformLocation:130:   Stage 5: 0 uniform buffers
DEBUG: mglGetUniformLocation:159:   NOT FOUND, returning -1
DEBUG: mglGetUniformLocation:81: mglGetUniformLocation: Looking for 'texture1'
DEBUG: mglGetUniformLocation:113:   Stage 0: 1 plain uniforms
DEBUG: mglGetUniformLocation:117:     Plain uniform[0]: mvp
DEBUG: mglGetUniformLocation:130:   Stage 0: 0 uniform buffers
DEBUG: mglGetUniformLocation:113:   Stage 1: 0 plain uniforms
DEBUG: mglGetUniformLocation:130:   Stage 1: 0 uniform buffers
DEBUG: mglGetUniformLocation:113:   Stage 2: 0 plain uniforms
DEBUG: mglGetUniformLocation:130:   Stage 2: 0 uniform buffers
DEBUG: mglGetUniformLocation:113:   Stage 3: 0 plain uniforms
DEBUG: mglGetUniformLocation:130:   Stage 3: 0 uniform buffers
DEBUG: mglGetUniformLocation:113:   Stage 4: 0 plain uniforms
DEBUG: mglGetUniformLocation:130:   Stage 4: 0 uniform buffers
DEBUG: mglGetUniformLocation:113:   Stage 5: 0 plain uniforms
DEBUG: mglGetUniformLocation:130:   Stage 5: 0 uniform buffers
DEBUG: mglGetUniformLocation:159:   NOT FOUND, returning -1
DEBUG: mglGetUniformLocation:81: mglGetUniformLocation: Looking for 'texture2'
DEBUG: mglGetUniformLocation:113:   Stage 0: 1 plain uniforms
DEBUG: mglGetUniformLocation:117:     Plain uniform[0]: mvp
DEBUG: mglGetUniformLocation:130:   Stage 0: 0 uniform buffers
DEBUG: mglGetUniformLocation:113:   Stage 1: 0 plain uniforms
DEBUG: mglGetUniformLocation:130:   Stage 1: 0 uniform buffers
DEBUG: mglGetUniformLocation:113:   Stage 2: 0 plain uniforms
DEBUG: mglGetUniformLocation:130:   Stage 2: 0 uniform buffers
DEBUG: mglGetUniformLocation:113:   Stage 3: 0 plain uniforms
DEBUG: mglGetUniformLocation:130:   Stage 3: 0 uniform buffers
DEBUG: mglGetUniformLocation:113:   Stage 4: 0 plain uniforms
DEBUG: mglGetUniformLocation:130:   Stage 4: 0 uniform buffers
DEBUG: mglGetUniformLocation:113:   Stage 5: 0 plain uniforms
DEBUG: mglGetUniformLocation:130:   Stage 5: 0 uniform buffers
DEBUG: mglGetUniformLocation:159:   NOT FOUND, returning -1
DEBUG: *** mglClear called with mask=0x4100 ***
DEBUG: *** clear_bitmask set to 0x4100 ***
DEBUG: rlGetShaderIdDefault() returning 1 (RLGL.State.defaultShaderId = 1)
DEBUG: mglBindVertexArray: array=1, ptr=0x618000024c80, old_vao=0x0
DEBUG: mglBindVertexArray: array=0, ptr=0x0, old_vao=0x618000024c80
DEBUG: mglUniformMatrix4fv:762: mglUniformMatrix4fv: location=0, count=1, transpose=0
DEBUG: mglUniformMatrix4fv:768:   Matrix[0]: [0.003 0.000 0.000 0.000] [0.000 -0.003 0.000 0.000] [0.000 0.000 -2.000 0.000] [-1.000 1.000 -1.000 1.000]
DEBUG: checkUniformParams:266: checkUniformParams: location=0, ptr=0x61d0000f2880
DEBUG: checkUniformParams:291:   OK
DEBUG: mglBindVertexArray: array=1, ptr=0x618000024c80, old_vao=0x0
DEBUG: checkUniformParams:266: checkUniformParams: location=-1, ptr=0x61d0000f2880
DEBUG: checkUniformParams:273:   location < 0, silently ignoring
DEBUG: checkUniformParams:266: checkUniformParams: location=-1, ptr=0x61d0000f2880
DEBUG: checkUniformParams:273:   location < 0, silently ignoring
DEBUG: mglDrawElements:192: mglDrawElements: mode=4, count=12, type=5125, indices=0x0
DEBUG: mtlDrawElements called, count=12, VAO=0x618000024c80, program=2
DEBUG: DIRTY_STATE with clear_bitmask and no encoder - creating new encoder
DEBUG: newRenderEncoder called from:
  0   libmgl.dylib                        0x0000000103d71b0c -[MGLRenderer newRenderEncoder] + 392
  1   libmgl.dylib                        0x0000000103d8841c -[MGLRenderer processGLState:] + 5520
  2   libmgl.dylib                        0x0000000103d9dd5c -[MGLRenderer mtlDrawElements:mode:count:type:indices:] + 1736
  3   libmgl.dylib                        0x0000000103d9e860 mtlDrawElements + 300
  4   libmgl.dylib                        0x0000000103ae527c mglDrawElements + 1952
DEBUG: endRenderEncoding - encoder was already NULL
DEBUG: Checking clear: bitmask=0x4100, frameWasCleared=0
DEBUG: Will apply clear settings
DEBUG: Setting loadAction=Clear, clearColor=(0.90,0.22,0.16,1.00) [FRAME CLEAR]
DEBUG: Clearing clear_bitmask after applying clear settings
DEBUG: Creating render encoder, loadAction=2, texture=0x616000051c80
DEBUG: updateCurrentRenderEncoder: depth_test=0, stencil_test=0, blend=1
DEBUG: Setting viewport from ctx=0x62d000014400: x=0, y=0, width=1280, height=1280
DEBUG: bindVertexBuffersToCurrentRenderEncoder: count=0
DEBUG: Plain uniform count for stage 0: 1
DEBUG:   Plain uniform[0]: location=0, binding=0, buf=0x608000057da0
DEBUG:     Added to buffer_map at index 0, Metal buffer index=0
DEBUG: Vertex buffer map after mapping: count=4
  [0] buf=0x608000057da0, attribute_mask=0x0, buffer_base_index=0
  [1] buf=0x608000050fa0, attribute_mask=0x1, buffer_base_index=0
  [2] buf=0x608000051020, attribute_mask=0x2, buffer_base_index=0
  [3] buf=0x608000051120, attribute_mask=0x4, buffer_base_index=0
DEBUG: Plain uniform count for stage 4: 0
DEBUG: -[MGLRenderer createMTLTextureFromGLTexture:]:1230: tex id data update 1
DEBUG: DIRTY_VAO but encoder exists, rebinding buffers on existing encoder
DEBUG: bindVertexBuffersToCurrentRenderEncoder: count=4
  Buffer 0: size=64, offset=0
    Vertex data (first 9 floats): 0.00 0.00 0.00, 0.00 0.00 -0.00, 0.00 0.00 0.00
  Buffer 1: size=393216, offset=0
  Buffer 2: size=262144, offset=0
  Buffer 3: size=131072, offset=0
DEBUG: processGLState - looking up pipeline with key=0x61e1d0fd43a880 (program=2, VAO=0x618000024c80, FBO=0x0)
DEBUG: Pipeline cache MISS - creating new pipeline for program 2
DEBUG: bindMTLProgram called for program 2, dirty_bits=0x0
DEBUG: bindMTLProgram - program 2 has dirty_bits=0x0 (not dirty)
DEBUG: generateVertexDescriptor: enabled_attribs=0x7
  Attribute 0: bufferIndex=1, offset=0, format=30, stride=12
  Attribute 1: bufferIndex=2, offset=0, format=29, stride=8
  Attribute 2: bufferIndex=3, offset=0, format=9, stride=4
DEBUG: Caching new pipeline (key=0x61e1d0fd43a880) for program 2, cache now has 1 entries
DEBUG: mtlDrawElements processGLState returned 1, pipeline=0x61f00008f880
DEBUG: mtlDrawElements calling Metal drawIndexedPrimitives, count=12, offset=0
DEBUG: mtlDrawElements Metal draw complete
DEBUG: mglBindVertexArray: array=0, ptr=0x0, old_vao=0x618000024c80
DEBUG: ===== EndDrawing CALLED =====
DEBUG: mglBindVertexArray: array=1, ptr=0x618000024c80, old_vao=0x0
DEBUG: mglBindVertexArray: array=0, ptr=0x0, old_vao=0x618000024c80
DEBUG: mglUniformMatrix4fv:762: mglUniformMatrix4fv: location=0, count=1, transpose=0
DEBUG: mglUniformMatrix4fv:768:   Matrix[0]: [0.003 0.000 0.000 0.000] [0.000 -0.003 0.000 0.000] [0.000 0.000 -2.000 0.000] [-1.000 1.000 -1.000 1.000]
DEBUG: checkUniformParams:266: checkUniformParams: location=0, ptr=0x61d0000eba80
DEBUG: checkUniformParams:291:   OK
DEBUG: mglBindVertexArray: array=1, ptr=0x618000024c80, old_vao=0x0
DEBUG: checkUniformParams:266: checkUniformParams: location=1, ptr=0x61d0000eba80
DEBUG: checkUniformParams:291:   OK
DEBUG: checkUniformParams:266: checkUniformParams: location=-1, ptr=0x61d0000eba80
DEBUG: checkUniformParams:273:   location < 0, silently ignoring
DEBUG: mglDrawElements:192: mglDrawElements: mode=4, count=30, type=5125, indices=0x0
DEBUG: mtlDrawElements called, count=30, VAO=0x618000024c80, program=1
DEBUG: Plain uniform count for stage 0: 1
DEBUG:   Plain uniform[0]: location=0, binding=0, buf=0x608000057da0
DEBUG:     Added to buffer_map at index 0, Metal buffer index=0
DEBUG: Vertex buffer map after mapping: count=4
  [0] buf=0x608000057da0, attribute_mask=0x0, buffer_base_index=0
  [1] buf=0x608000050fa0, attribute_mask=0x1, buffer_base_index=0
  [2] buf=0x608000051020, attribute_mask=0x2, buffer_base_index=0
  [3] buf=0x608000051120, attribute_mask=0x4, buffer_base_index=0
DEBUG: Plain uniform count for stage 4: 1
DEBUG:   Plain uniform[0]: location=1, binding=0, buf=0x608000058a20
DEBUG:     Added to buffer_map at index 0, Metal buffer index=0
DEBUG: -[MGLRenderer createMTLTextureFromGLTexture:]:1230: tex id data update 2
DEBUG: DIRTY_VAO but encoder exists, rebinding buffers on existing encoder
DEBUG: bindVertexBuffersToCurrentRenderEncoder: count=4
  Buffer 0: size=64, offset=0
    Vertex data (first 9 floats): 0.00 0.00 0.00, 0.00 0.00 -0.00, 0.00 0.00 0.00
  Buffer 1: size=393216, offset=0
  Buffer 2: size=262144, offset=0
  Buffer 3: size=131072, offset=0
DEBUG: processGLState - looking up pipeline with key=0x61e1e3ce423a80 (program=1, VAO=0x618000024c80, FBO=0x0)
DEBUG: Pipeline cache MISS - creating new pipeline for program 1
DEBUG: bindMTLProgram called for program 1, dirty_bits=0x0
DEBUG: bindMTLProgram - program 1 has dirty_bits=0x0 (not dirty)
DEBUG: generateVertexDescriptor: enabled_attribs=0x7
  Attribute 0: bufferIndex=1, offset=0, format=30, stride=12
  Attribute 1: bufferIndex=2, offset=0, format=29, stride=8
  Attribute 2: bufferIndex=3, offset=0, format=9, stride=4
DEBUG: Caching new pipeline (key=0x61e1e3ce423a80) for program 1, cache now has 2 entries
DEBUG: mtlDrawElements processGLState returned 1, pipeline=0x61f000091480
DEBUG: mtlDrawElements calling Metal drawIndexedPrimitives, count=30, offset=0
DEBUG: mtlDrawElements Metal draw complete
DEBUG: mglBindVertexArray: array=0, ptr=0x0, old_vao=0x618000024c80
DEBUG: About to call SwapScreenBuffer from EndDrawing
DEBUG: SwapScreenBuffer called (raylib)

===== MGLswapBuffers called from application =====
DEBUG: endRenderEncoding - ending encoder 0x60d0000486e0
DEBUG: endRenderEncoding - encoder set to NULL
===== MGLswapBuffers finished =====

DEBUG: glfwSwapBuffers returned
DEBUG: SwapScreenBuffer returned to EndDrawing
DEBUG: *** mglClear called with mask=0x4100 ***
DEBUG: *** clear_bitmask set to 0x4100 ***
DEBUG: rlGetShaderIdDefault() returning 1 (RLGL.State.defaultShaderId = 1)
DEBUG: mglBindVertexArray: array=1, ptr=0x618000024c80, old_vao=0x0
DEBUG: mglBindVertexArray: array=0, ptr=0x0, old_vao=0x618000024c80
DEBUG: mglUniformMatrix4fv:762: mglUniformMatrix4fv: location=0, count=1, transpose=0
DEBUG: mglUniformMatrix4fv:768:   Matrix[0]: [0.003 0.000 0.000 0.000] [0.000 -0.003 0.000 0.000] [0.000 0.000 -2.000 0.000] [-1.000 1.000 -1.000 1.000]
DEBUG: checkUniformParams:266: checkUniformParams: location=0, ptr=0x61d0000f2880
DEBUG: checkUniformParams:291:   OK
DEBUG: mglBindVertexArray: array=1, ptr=0x618000024c80, old_vao=0x0
DEBUG: checkUniformParams:266: checkUniformParams: location=-1, ptr=0x61d0000f2880
DEBUG: checkUniformParams:273:   location < 0, silently ignoring
DEBUG: checkUniformParams:266: checkUniformParams: location=-1, ptr=0x61d0000f2880
DEBUG: checkUniformParams:273:   location < 0, silently ignoring
DEBUG: mglDrawElements:192: mglDrawElements: mode=4, count=12, type=5125, indices=0x0
DEBUG: mtlDrawElements called, count=12, VAO=0x618000024c80, program=2
DEBUG: DIRTY_STATE with clear_bitmask and no encoder - creating new encoder
DEBUG: newRenderEncoder called from:
  0   libmgl.dylib                        0x0000000103d71b0c -[MGLRenderer newRenderEncoder] + 392
  1   libmgl.dylib                        0x0000000103d8841c -[MGLRenderer processGLState:] + 5520
  2   libmgl.dylib                        0x0000000103d9dd5c -[MGLRenderer mtlDrawElements:mode:count:type:indices:] + 1736
  3   libmgl.dylib                        0x0000000103d9e860 mtlDrawElements + 300
  4   libmgl.dylib                        0x0000000103ae527c mglDrawElements + 1952
DEBUG: endRenderEncoding - encoder was already NULL
DEBUG: Checking clear: bitmask=0x4100, frameWasCleared=0
DEBUG: Will apply clear settings
DEBUG: Setting loadAction=Clear, clearColor=(0.90,0.22,0.16,1.00) [FRAME CLEAR]
DEBUG: Clearing clear_bitmask after applying clear settings
DEBUG: Creating render encoder, loadAction=2, texture=0x61600005c780
DEBUG: updateCurrentRenderEncoder: depth_test=0, stencil_test=0, blend=1
DEBUG: Setting viewport from ctx=0x62d000014400: x=0, y=0, width=1280, height=1280
DEBUG: bindVertexBuffersToCurrentRenderEncoder: count=4
  Buffer 0: size=64, offset=0
    Vertex data (first 9 floats): 0.00 0.00 0.00, 0.00 0.00 -0.00, 0.00 0.00 0.00
  Buffer 1: size=393216, offset=0
  Buffer 2: size=262144, offset=0
  Buffer 3: size=131072, offset=0
DEBUG: Plain uniform count for stage 0: 1
DEBUG:   Plain uniform[0]: location=0, binding=0, buf=0x608000057da0
DEBUG:     Added to buffer_map at index 0, Metal buffer index=0
DEBUG: Vertex buffer map after mapping: count=4
  [0] buf=0x608000057da0, attribute_mask=0x0, buffer_base_index=0
  [1] buf=0x608000050fa0, attribute_mask=0x1, buffer_base_index=0
  [2] buf=0x608000051020, attribute_mask=0x2, buffer_base_index=0
  [3] buf=0x608000051120, attribute_mask=0x4, buffer_base_index=0
DEBUG: Plain uniform count for stage 4: 0
DEBUG: DIRTY_VAO but encoder exists, rebinding buffers on existing encoder
DEBUG: bindVertexBuffersToCurrentRenderEncoder: count=4
  Buffer 0: size=64, offset=0
    Vertex data (first 9 floats): 0.00 0.00 0.00, 0.00 0.00 -0.00, 0.00 0.00 0.00
  Buffer 1: size=393216, offset=0
  Buffer 2: size=262144, offset=0
  Buffer 3: size=131072, offset=0
DEBUG: processGLState - looking up pipeline with key=0x61e1e3ce43a880 (program=2, VAO=0x618000024c80, FBO=0x0)
DEBUG: Pipeline cache MISS - creating new pipeline for program 2
DEBUG: bindMTLProgram called for program 2, dirty_bits=0x0
DEBUG: bindMTLProgram - program 2 has dirty_bits=0x0 (not dirty)
DEBUG: generateVertexDescriptor: enabled_attribs=0x7
  Attribute 0: bufferIndex=1, offset=0, format=30, stride=12
  Attribute 1: bufferIndex=2, offset=0, format=29, stride=8
  Attribute 2: bufferIndex=3, offset=0, format=9, stride=4
DEBUG: Caching new pipeline (key=0x61e1e3ce43a880) for program 2, cache now has 3 entries
DEBUG: mtlDrawElements processGLState returned 1, pipeline=0x61f0000c5c80
DEBUG: mtlDrawElements calling Metal drawIndexedPrimitives, count=12, offset=0
DEBUG: mtlDrawElements Metal draw complete
DEBUG: mglBindVertexArray: array=0, ptr=0x0, old_vao=0x618000024c80
DEBUG: ===== EndDrawing CALLED =====
DEBUG: mglBindVertexArray: array=1, ptr=0x618000024c80, old_vao=0x0
DEBUG: mglBindVertexArray: array=0, ptr=0x0, old_vao=0x618000024c80
DEBUG: mglUniformMatrix4fv:762: mglUniformMatrix4fv: location=0, count=1, transpose=0
DEBUG: mglUniformMatrix4fv:768:   Matrix[0]: [0.003 0.000 0.000 0.000] [0.000 -0.003 0.000 0.000] [0.000 0.000 -2.000 0.000] [-1.000 1.000 -1.000 1.000]
DEBUG: checkUniformParams:266: checkUniformParams: location=0, ptr=0x61d0000eba80
DEBUG: checkUniformParams:291:   OK
DEBUG: mglBindVertexArray: array=1, ptr=0x618000024c80, old_vao=0x0
DEBUG: checkUniformParams:266: checkUniformParams: location=1, ptr=0x61d0000eba80
DEBUG: checkUniformParams:291:   OK
DEBUG: checkUniformParams:266: checkUniformParams: location=-1, ptr=0x61d0000eba80
DEBUG: checkUniformParams:273:   location < 0, silently ignoring
DEBUG: mglDrawElements:192: mglDrawElements: mode=4, count=30, type=5125, indices=0x0
DEBUG: mtlDrawElements called, count=30, VAO=0x618000024c80, program=1
DEBUG: Plain uniform count for stage 0: 1
DEBUG:   Plain uniform[0]: location=0, binding=0, buf=0x608000057da0
DEBUG:     Added to buffer_map at index 0, Metal buffer index=0
DEBUG: Vertex buffer map after mapping: count=4
  [0] buf=0x608000057da0, attribute_mask=0x0, buffer_base_index=0
  [1] buf=0x608000050fa0, attribute_mask=0x1, buffer_base_index=0
  [2] buf=0x608000051020, attribute_mask=0x2, buffer_base_index=0
  [3] buf=0x608000051120, attribute_mask=0x4, buffer_base_index=0
DEBUG: Plain uniform count for stage 4: 1
DEBUG:   Plain uniform[0]: location=1, binding=0, buf=0x608000058a20
DEBUG:     Added to buffer_map at index 0, Metal buffer index=0
DEBUG: DIRTY_VAO but encoder exists, rebinding buffers on existing encoder
DEBUG: bindVertexBuffersToCurrentRenderEncoder: count=4
  Buffer 0: size=64, offset=0
    Vertex data (first 9 floats): 0.00 0.00 0.00, 0.00 0.00 -0.00, 0.00 0.00 0.00
  Buffer 1: size=393216, offset=0
  Buffer 2: size=262144, offset=0
  Buffer 3: size=131072, offset=0
DEBUG: processGLState - looking up pipeline with key=0x61e1e3ce423a80 (program=1, VAO=0x618000024c80, FBO=0x0)
DEBUG: Pipeline cache HIT - reusing existing pipeline for program 1
DEBUG: mtlDrawElements processGLState returned 1, pipeline=0x61f000091480
DEBUG: mtlDrawElements calling Metal drawIndexedPrimitives, count=30, offset=0
DEBUG: mtlDrawElements Metal draw complete
DEBUG: mglBindVertexArray: array=0, ptr=0x0, old_vao=0x618000024c80
DEBUG: About to call SwapScreenBuffer from EndDrawing
DEBUG: SwapScreenBuffer called (raylib)

===== MGLswapBuffers called from application =====
DEBUG: endRenderEncoding - ending encoder 0x60d0000796f0
DEBUG: endRenderEncoding - encoder set to NULL
===== MGLswapBuffers finished =====

DEBUG: glfwSwapBuffers returned
DEBUG: SwapScreenBuffer returned to EndDrawing
DEBUG: *** mglClear called with mask=0x4100 ***
DEBUG: *** clear_bitmask set to 0x4100 ***
DEBUG: rlGetShaderIdDefault() returning 1 (RLGL.State.defaultShaderId = 1)
DEBUG: mglBindVertexArray: array=1, ptr=0x618000024c80, old_vao=0x0
DEBUG: mglBindVertexArray: array=0, ptr=0x0, old_vao=0x618000024c80
DEBUG: mglUniformMatrix4fv:762: mglUniformMatrix4fv: location=0, count=1, transpose=0
DEBUG: mglUniformMatrix4fv:768:   Matrix[0]: [0.003 0.000 0.000 0.000] [0.000 -0.003 0.000 0.000] [0.000 0.000 -2.000 0.000] [-1.000 1.000 -1.000 1.000]
DEBUG: checkUniformParams:266: checkUniformParams: location=0, ptr=0x61d0000f2880
DEBUG: checkUniformParams:291:   OK
DEBUG: mglBindVertexArray: array=1, ptr=0x618000024c80, old_vao=0x0
DEBUG: checkUniformParams:266: checkUniformParams: location=-1, ptr=0x61d0000f2880
DEBUG: checkUniformParams:273:   location < 0, silently ignoring
DEBUG: checkUniformParams:266: checkUniformParams: location=-1, ptr=0x61d0000f2880
DEBUG: checkUniformParams:273:   location < 0, silently ignoring
DEBUG: mglDrawElements:192: mglDrawElements: mode=4, count=12, type=5125, indices=0x0
DEBUG: mtlDrawElements called, count=12, VAO=0x618000024c80, program=2
DEBUG: DIRTY_STATE with clear_bitmask and no encoder - creating new encoder
DEBUG: newRenderEncoder called from:
  0   libmgl.dylib                        0x0000000103d71b0c -[MGLRenderer newRenderEncoder] + 392
  1   libmgl.dylib                        0x0000000103d8841c -[MGLRenderer processGLState:] + 5520
  2   libmgl.dylib                        0x0000000103d9dd5c -[MGLRenderer mtlDrawElements:mode:count:type:indices:] + 1736
  3   libmgl.dylib                        0x0000000103d9e860 mtlDrawElements + 300
  4   libmgl.dylib                        0x0000000103ae527c mglDrawElements + 1952
DEBUG: endRenderEncoding - encoder was already NULL
DEBUG: Checking clear: bitmask=0x4100, frameWasCleared=0
DEBUG: Will apply clear settings
DEBUG: Setting loadAction=Clear, clearColor=(0.90,0.22,0.16,1.00) [FRAME CLEAR]
DEBUG: Clearing clear_bitmask after applying clear settings
DEBUG: Creating render encoder, loadAction=2, texture=0x616000051680
DEBUG: updateCurrentRenderEncoder: depth_test=0, stencil_test=0, blend=1
DEBUG: Setting viewport from ctx=0x62d000014400: x=0, y=0, width=1280, height=1280
DEBUG: bindVertexBuffersToCurrentRenderEncoder: count=4
  Buffer 0: size=64, offset=0
    Vertex data (first 9 floats): 0.00 0.00 0.00, 0.00 0.00 -0.00, 0.00 0.00 0.00
  Buffer 1: size=393216, offset=0
  Buffer 2: size=262144, offset=0
  Buffer 3: size=131072, offset=0
DEBUG: Plain uniform count for stage 0: 1
DEBUG:   Plain uniform[0]: location=0, binding=0, buf=0x608000057da0
DEBUG:     Added to buffer_map at index 0, Metal buffer index=0
DEBUG: Vertex buffer map after mapping: count=4
  [0] buf=0x608000057da0, attribute_mask=0x0, buffer_base_index=0
  [1] buf=0x608000050fa0, attribute_mask=0x1, buffer_base_index=0
  [2] buf=0x608000051020, attribute_mask=0x2, buffer_base_index=0
  [3] buf=0x608000051120, attribute_mask=0x4, buffer_base_index=0
DEBUG: Plain uniform count for stage 4: 0
DEBUG: DIRTY_VAO but encoder exists, rebinding buffers on existing encoder
DEBUG: bindVertexBuffersToCurrentRenderEncoder: count=4
  Buffer 0: size=64, offset=0
    Vertex data (first 9 floats): 0.00 0.00 0.00, 0.00 0.00 -0.00, 0.00 0.00 0.00
  Buffer 1: size=393216, offset=0
  Buffer 2: size=262144, offset=0
  Buffer 3: size=131072, offset=0
DEBUG: processGLState - looking up pipeline with key=0x61e1e3ce43a880 (program=2, VAO=0x618000024c80, FBO=0x0)
DEBUG: Pipeline cache HIT - reusing existing pipeline for program 2
DEBUG: mtlDrawElements processGLState returned 1, pipeline=0x61f0000c5c80
DEBUG: mtlDrawElements calling Metal drawIndexedPrimitives, count=12, offset=0
DEBUG: mtlDrawElements Metal draw complete
DEBUG: mglBindVertexArray: array=0, ptr=0x0, old_vao=0x618000024c80
DEBUG: ===== EndDrawing CALLED =====
DEBUG: mglBindVertexArray: array=1, ptr=0x618000024c80, old_vao=0x0
DEBUG: mglBindVertexArray: array=0, ptr=0x0, old_vao=0x618000024c80
DEBUG: mglUniformMatrix4fv:762: mglUniformMatrix4fv: location=0, count=1, transpose=0
DEBUG: mglUniformMatrix4fv:768:   Matrix[0]: [0.003 0.000 0.000 0.000] [0.000 -0.003 0.000 0.000] [0.000 0.000 -2.000 0.000] [-1.000 1.000 -1.000 1.000]
DEBUG: checkUniformParams:266: checkUniformParams: location=0, ptr=0x61d0000eba80
DEBUG: checkUniformParams:291:   OK
DEBUG: mglBindVertexArray: array=1, ptr=0x618000024c80, old_vao=0x0
DEBUG: checkUniformParams:266: checkUniformParams: location=1, ptr=0x61d0000eba80
DEBUG: checkUniformParams:291:   OK
DEBUG: checkUniformParams:266: checkUniformParams: location=-1, ptr=0x61d0000eba80
DEBUG: checkUniformParams:273:   location < 0, silently ignoring
DEBUG: mglDrawElements:192: mglDrawElements: mode=4, count=30, type=5125, indices=0x0
DEBUG: mtlDrawElements called, count=30, VAO=0x618000024c80, program=1
DEBUG: Plain uniform count for stage 0: 1
DEBUG:   Plain uniform[0]: location=0, binding=0, buf=0x608000057da0
DEBUG:     Added to buffer_map at index 0, Metal buffer index=0
DEBUG: Vertex buffer map after mapping: count=4
  [0] buf=0x608000057da0, attribute_mask=0x0, buffer_base_index=0
  [1] buf=0x608000050fa0, attribute_mask=0x1, buffer_base_index=0
  [2] buf=0x608000051020, attribute_mask=0x2, buffer_base_index=0
  [3] buf=0x608000051120, attribute_mask=0x4, buffer_base_index=0
DEBUG: Plain uniform count for stage 4: 1
DEBUG:   Plain uniform[0]: location=1, binding=0, buf=0x608000058a20
DEBUG:     Added to buffer_map at index 0, Metal buffer index=0
DEBUG: DIRTY_VAO but encoder exists, rebinding buffers on existing encoder
DEBUG: bindVertexBuffersToCurrentRenderEncoder: count=4
  Buffer 0: size=64, offset=0
    Vertex data (first 9 floats): 0.00 0.00 0.00, 0.00 0.00 -0.00, 0.00 0.00 0.00
  Buffer 1: size=393216, offset=0
  Buffer 2: size=262144, offset=0
  Buffer 3: size=131072, offset=0
DEBUG: processGLState - looking up pipeline with key=0x61e1e3ce423a80 (program=1, VAO=0x618000024c80, FBO=0x0)
DEBUG: Pipeline cache HIT - reusing existing pipeline for program 1
DEBUG: mtlDrawElements processGLState returned 1, pipeline=0x61f000091480
DEBUG: mtlDrawElements calling Metal drawIndexedPrimitives, count=30, offset=0
DEBUG: mtlDrawElements Metal draw complete
DEBUG: mglBindVertexArray: array=0, ptr=0x0, old_vao=0x618000024c80
DEBUG: About to call SwapScreenBuffer from EndDrawing
DEBUG: SwapScreenBuffer called (raylib)

===== MGLswapBuffers called from application =====
DEBUG: endRenderEncoding - ending encoder 0x60d0000797c0
DEBUG: endRenderEncoding - encoder set to NULL
===== MGLswapBuffers finished =====

DEBUG: glfwSwapBuffers returned
DEBUG: SwapScreenBuffer returned to EndDrawing
DEBUG: *** mglClear called with mask=0x4100 ***
DEBUG: *** clear_bitmask set to 0x4100 ***
DEBUG: rlGetShaderIdDefault() returning 1 (RLGL.State.defaultShaderId = 1)
DEBUG: mglBindVertexArray: array=1, ptr=0x618000024c80, old_vao=0x0
DEBUG: mglBindVertexArray: array=0, ptr=0x0, old_vao=0x618000024c80
DEBUG: mglUniformMatrix4fv:762: mglUniformMatrix4fv: location=0, count=1, transpose=0
DEBUG: mglUniformMatrix4fv:768:   Matrix[0]: [0.003 0.000 0.000 0.000] [0.000 -0.003 0.000 0.000] [0.000 0.000 -2.000 0.000] [-1.000 1.000 -1.000 1.000]
DEBUG: checkUniformParams:266: checkUniformParams: location=0, ptr=0x61d0000f2880
DEBUG: checkUniformParams:291:   OK
DEBUG: mglBindVertexArray: array=1, ptr=0x618000024c80, old_vao=0x0
DEBUG: checkUniformParams:266: checkUniformParams: location=-1, ptr=0x61d0000f2880
DEBUG: checkUniformParams:273:   location < 0, silently ignoring
DEBUG: checkUniformParams:266: checkUniformParams: location=-1, ptr=0x61d0000f2880
DEBUG: checkUniformParams:273:   location < 0, silently ignoring
DEBUG: mglDrawElements:192: mglDrawElements: mode=4, count=12, type=5125, indices=0x0
DEBUG: mtlDrawElements called, count=12, VAO=0x618000024c80, program=2
DEBUG: DIRTY_STATE with clear_bitmask and no encoder - creating new encoder
DEBUG: newRenderEncoder called from:
  0   libmgl.dylib                        0x0000000103d71b0c -[MGLRenderer newRenderEncoder] + 392
  1   libmgl.dylib                        0x0000000103d8841c -[MGLRenderer processGLState:] + 5520
  2   libmgl.dylib                        0x0000000103d9dd5c -[MGLRenderer mtlDrawElements:mode:count:type:indices:] + 1736
  3   libmgl.dylib                        0x0000000103d9e860 mtlDrawElements + 300
  4   libmgl.dylib                        0x0000000103ae527c mglDrawElements + 1952
DEBUG: endRenderEncoding - encoder was already NULL
DEBUG: Checking clear: bitmask=0x4100, frameWasCleared=0
DEBUG: Will apply clear settings
DEBUG: Setting loadAction=Clear, clearColor=(0.90,0.22,0.16,1.00) [FRAME CLEAR]
DEBUG: Clearing clear_bitmask after applying clear settings
DEBUG: Creating render encoder, loadAction=2, texture=0x616000051c80
DEBUG: updateCurrentRenderEncoder: depth_test=0, stencil_test=0, blend=1
DEBUG: Setting viewport from ctx=0x62d000014400: x=0, y=0, width=1280, height=1280
DEBUG: bindVertexBuffersToCurrentRenderEncoder: count=4
  Buffer 0: size=64, offset=0
    Vertex data (first 9 floats): 0.00 0.00 0.00, 0.00 0.00 -0.00, 0.00 0.00 0.00
  Buffer 1: size=393216, offset=0
  Buffer 2: size=262144, offset=0
  Buffer 3: size=131072, offset=0
DEBUG: Plain uniform count for stage 0: 1
DEBUG:   Plain uniform[0]: location=0, binding=0, buf=0x608000057da0
DEBUG:     Added to buffer_map at index 0, Metal buffer index=0
DEBUG: Vertex buffer map after mapping: count=4
  [0] buf=0x608000057da0, attribute_mask=0x0, buffer_base_index=0
  [1] buf=0x608000050fa0, attribute_mask=0x1, buffer_base_index=0
  [2] buf=0x608000051020, attribute_mask=0x2, buffer_base_index=0
  [3] buf=0x608000051120, attribute_mask=0x4, buffer_base_index=0
DEBUG: Plain uniform count for stage 4: 0
DEBUG: DIRTY_VAO but encoder exists, rebinding buffers on existing encoder
DEBUG: bindVertexBuffersToCurrentRenderEncoder: count=4
  Buffer 0: size=64, offset=0
    Vertex data (first 9 floats): 0.00 0.00 0.00, 0.00 0.00 -0.00, 0.00 0.00 0.00
  Buffer 1: size=393216, offset=0
  Buffer 2: size=262144, offset=0
  Buffer 3: size=131072, offset=0
DEBUG: processGLState - looking up pipeline with key=0x61e1e3ce43a880 (program=2, VAO=0x618000024c80, FBO=0x0)
DEBUG: Pipeline cache HIT - reusing existing pipeline for program 2
DEBUG: mtlDrawElements processGLState returned 1, pipeline=0x61f0000c5c80
DEBUG: mtlDrawElements calling Metal drawIndexedPrimitives, count=12, offset=0
DEBUG: mtlDrawElements Metal draw complete
DEBUG: mglBindVertexArray: array=0, ptr=0x0, old_vao=0x618000024c80
DEBUG: ===== EndDrawing CALLED =====
DEBUG: mglBindVertexArray: array=1, ptr=0x618000024c80, old_vao=0x0
DEBUG: mglBindVertexArray: array=0, ptr=0x0, old_vao=0x618000024c80
DEBUG: mglUniformMatrix4fv:762: mglUniformMatrix4fv: location=0, count=1, transpose=0
DEBUG: mglUniformMatrix4fv:768:   Matrix[0]: [0.003 0.000 0.000 0.000] [0.000 -0.003 0.000 0.000] [0.000 0.000 -2.000 0.000] [-1.000 1.000 -1.000 1.000]
DEBUG: checkUniformParams:266: checkUniformParams: location=0, ptr=0x61d0000eba80
DEBUG: checkUniformParams:291:   OK
DEBUG: mglBindVertexArray: array=1, ptr=0x618000024c80, old_vao=0x0
DEBUG: checkUniformParams:266: checkUniformParams: location=1, ptr=0x61d0000eba80
DEBUG: checkUniformParams:291:   OK
DEBUG: checkUniformParams:266: checkUniformParams: location=-1, ptr=0x61d0000eba80
DEBUG: checkUniformParams:273:   location < 0, silently ignoring
DEBUG: mglDrawElements:192: mglDrawElements: mode=4, count=30, type=5125, indices=0x0
DEBUG: mtlDrawElements called, count=30, VAO=0x618000024c80, program=1
DEBUG: Plain uniform count for stage 0: 1
DEBUG:   Plain uniform[0]: location=0, binding=0, buf=0x608000057da0
DEBUG:     Added to buffer_map at index 0, Metal buffer index=0
DEBUG: Vertex buffer map after mapping: count=4
  [0] buf=0x608000057da0, attribute_mask=0x0, buffer_base_index=0
  [1] buf=0x608000050fa0, attribute_mask=0x1, buffer_base_index=0
  [2] buf=0x608000051020, attribute_mask=0x2, buffer_base_index=0
  [3] buf=0x608000051120, attribute_mask=0x4, buffer_base_index=0
DEBUG: Plain uniform count for stage 4: 1
DEBUG:   Plain uniform[0]: location=1, binding=0, buf=0x608000058a20
DEBUG:     Added to buffer_map at index 0, Metal buffer index=0
DEBUG: DIRTY_VAO but encoder exists, rebinding buffers on existing encoder
DEBUG: bindVertexBuffersToCurrentRenderEncoder: count=4
  Buffer 0: size=64, offset=0
    Vertex data (first 9 floats): 0.00 0.00 0.00, 0.00 0.00 -0.00, 0.00 0.00 0.00
  Buffer 1: size=393216, offset=0
  Buffer 2: size=262144, offset=0
  Buffer 3: size=131072, offset=0
DEBUG: processGLState - looking up pipeline with key=0x61e1e3ce423a80 (program=1, VAO=0x618000024c80, FBO=0x0)
DEBUG: Pipeline cache HIT - reusing existing pipeline for program 1
DEBUG: mtlDrawElements processGLState returned 1, pipeline=0x61f000091480
DEBUG: mtlDrawElements calling Metal drawIndexedPrimitives, count=30, offset=0
DEBUG: mtlDrawElements Metal draw complete
DEBUG: mglBindVertexArray: array=0, ptr=0x0, old_vao=0x618000024c80
DEBUG: About to call SwapScreenBuffer from EndDrawing
DEBUG: SwapScreenBuffer called (raylib)

===== MGLswapBuffers called from application =====
DEBUG: endRenderEncoding - ending encoder 0x60d000079890
DEBUG: endRenderEncoding - encoder set to NULL
===== MGLswapBuffers finished =====

DEBUG: glfwSwapBuffers returned
DEBUG: SwapScreenBuffer returned to EndDrawing
DEBUG: *** mglClear called with mask=0x4100 ***
DEBUG: *** clear_bitmask set to 0x4100 ***
DEBUG: rlGetShaderIdDefault() returning 1 (RLGL.State.defaultShaderId = 1)
DEBUG: mglBindVertexArray: array=1, ptr=0x618000024c80, old_vao=0x0
DEBUG: mglBindVertexArray: array=0, ptr=0x0, old_vao=0x618000024c80
DEBUG: mglUniformMatrix4fv:762: mglUniformMatrix4fv: location=0, count=1, transpose=0
DEBUG: mglUniformMatrix4fv:768:   Matrix[0]: [0.003 0.000 0.000 0.000] [0.000 -0.003 0.000 0.000] [0.000 0.000 -2.000 0.000] [-1.000 1.000 -1.000 1.000]
DEBUG: checkUniformParams:266: checkUniformParams: location=0, ptr=0x61d0000f2880
DEBUG: checkUniformParams:291:   OK
DEBUG: mglBindVertexArray: array=1, ptr=0x618000024c80, old_vao=0x0
DEBUG: checkUniformParams:266: checkUniformParams: location=-1, ptr=0x61d0000f2880
DEBUG: checkUniformParams:273:   location < 0, silently ignoring
DEBUG: checkUniformParams:266: checkUniformParams: location=-1, ptr=0x61d0000f2880
DEBUG: checkUniformParams:273:   location < 0, silently ignoring
DEBUG: mglDrawElements:192: mglDrawElements: mode=4, count=12, type=5125, indices=0x0
DEBUG: mtlDrawElements called, count=12, VAO=0x618000024c80, program=2
DEBUG: DIRTY_STATE with clear_bitmask and no encoder - creating new encoder
DEBUG: newRenderEncoder called from:
  0   libmgl.dylib                        0x0000000103d71b0c -[MGLRenderer newRenderEncoder] + 392
  1   libmgl.dylib                        0x0000000103d8841c -[MGLRenderer processGLState:] + 5520
  2   libmgl.dylib                        0x0000000103d9dd5c -[MGLRenderer mtlDrawElements:mode:count:type:indices:] + 1736
  3   libmgl.dylib                        0x0000000103d9e860 mtlDrawElements + 300
  4   libmgl.dylib                        0x0000000103ae527c mglDrawElements + 1952
DEBUG: endRenderEncoding - encoder was already NULL
DEBUG: Checking clear: bitmask=0x4100, frameWasCleared=0
DEBUG: Will apply clear settings
DEBUG: Setting loadAction=Clear, clearColor=(0.90,0.22,0.16,1.00) [FRAME CLEAR]
DEBUG: Clearing clear_bitmask after applying clear settings
DEBUG: Creating render encoder, loadAction=2, texture=0x61600005c780
DEBUG: updateCurrentRenderEncoder: depth_test=0, stencil_test=0, blend=1
DEBUG: Setting viewport from ctx=0x62d000014400: x=0, y=0, width=1280, height=1280
DEBUG: bindVertexBuffersToCurrentRenderEncoder: count=4
  Buffer 0: size=64, offset=0
    Vertex data (first 9 floats): 0.00 0.00 0.00, 0.00 0.00 -0.00, 0.00 0.00 0.00
  Buffer 1: size=393216, offset=0
  Buffer 2: size=262144, offset=0
  Buffer 3: size=131072, offset=0
DEBUG: Plain uniform count for stage 0: 1
DEBUG:   Plain uniform[0]: location=0, binding=0, buf=0x608000057da0
DEBUG:     Added to buffer_map at index 0, Metal buffer index=0
DEBUG: Vertex buffer map after mapping: count=4
  [0] buf=0x608000057da0, attribute_mask=0x0, buffer_base_index=0
  [1] buf=0x608000050fa0, attribute_mask=0x1, buffer_base_index=0
  [2] buf=0x608000051020, attribute_mask=0x2, buffer_base_index=0
  [3] buf=0x608000051120, attribute_mask=0x4, buffer_base_index=0
DEBUG: Plain uniform count for stage 4: 0
DEBUG: DIRTY_VAO but encoder exists, rebinding buffers on existing encoder
DEBUG: bindVertexBuffersToCurrentRenderEncoder: count=4
  Buffer 0: size=64, offset=0
    Vertex data (first 9 floats): 0.00 0.00 0.00, 0.00 0.00 -0.00, 0.00 0.00 0.00
  Buffer 1: size=393216, offset=0
  Buffer 2: size=262144, offset=0
  Buffer 3: size=131072, offset=0
DEBUG: processGLState - looking up pipeline with key=0x61e1e3ce43a880 (program=2, VAO=0x618000024c80, FBO=0x0)
DEBUG: Pipeline cache HIT - reusing existing pipeline for program 2
DEBUG: mtlDrawElements processGLState returned 1, pipeline=0x61f0000c5c80
DEBUG: mtlDrawElements calling Metal drawIndexedPrimitives, count=12, offset=0
DEBUG: mtlDrawElements Metal draw complete
DEBUG: mglBindVertexArray: array=0, ptr=0x0, old_vao=0x618000024c80
DEBUG: ===== EndDrawing CALLED =====
DEBUG: mglBindVertexArray: array=1, ptr=0x618000024c80, old_vao=0x0
DEBUG: mglBindVertexArray: array=0, ptr=0x0, old_vao=0x618000024c80
DEBUG: mglUniformMatrix4fv:762: mglUniformMatrix4fv: location=0, count=1, transpose=0
DEBUG: mglUniformMatrix4fv:768:   Matrix[0]: [0.003 0.000 0.000 0.000] [0.000 -0.003 0.000 0.000] [0.000 0.000 -2.000 0.000] [-1.000 1.000 -1.000 1.000]
DEBUG: checkUniformParams:266: checkUniformParams: location=0, ptr=0x61d0000eba80
DEBUG: checkUniformParams:291:   OK
DEBUG: mglBindVertexArray: array=1, ptr=0x618000024c80, old_vao=0x0
DEBUG: checkUniformParams:266: checkUniformParams: location=1, ptr=0x61d0000eba80
DEBUG: checkUniformParams:291:   OK
DEBUG: checkUniformParams:266: checkUniformParams: location=-1, ptr=0x61d0000eba80
DEBUG: checkUniformParams:273:   location < 0, silently ignoring
DEBUG: mglDrawElements:192: mglDrawElements: mode=4, count=30, type=5125, indices=0x0
DEBUG: mtlDrawElements called, count=30, VAO=0x618000024c80, program=1
DEBUG: Plain uniform count for stage 0: 1
DEBUG:   Plain uniform[0]: location=0, binding=0, buf=0x608000057da0
DEBUG:     Added to buffer_map at index 0, Metal buffer index=0
DEBUG: Vertex buffer map after mapping: count=4
  [0] buf=0x608000057da0, attribute_mask=0x0, buffer_base_index=0
  [1] buf=0x608000050fa0, attribute_mask=0x1, buffer_base_index=0
  [2] buf=0x608000051020, attribute_mask=0x2, buffer_base_index=0
  [3] buf=0x608000051120, attribute_mask=0x4, buffer_base_index=0
DEBUG: Plain uniform count for stage 4: 1
DEBUG:   Plain uniform[0]: location=1, binding=0, buf=0x608000058a20
DEBUG:     Added to buffer_map at index 0, Metal buffer index=0
DEBUG: DIRTY_VAO but encoder exists, rebinding buffers on existing encoder
DEBUG: bindVertexBuffersToCurrentRenderEncoder: count=4
  Buffer 0: size=64, offset=0
    Vertex data (first 9 floats): 0.00 0.00 0.00, 0.00 0.00 -0.00, 0.00 0.00 0.00
  Buffer 1: size=393216, offset=0
  Buffer 2: size=262144, offset=0
  Buffer 3: size=131072, offset=0
DEBUG: processGLState - looking up pipeline with key=0x61e1e3ce423a80 (program=1, VAO=0x618000024c80, FBO=0x0)
DEBUG: Pipeline cache HIT - reusing existing pipeline for program 1
DEBUG: mtlDrawElements processGLState returned 1, pipeline=0x61f000091480
DEBUG: mtlDrawElements calling Metal drawIndexedPrimitives, count=30, offset=0
DEBUG: mtlDrawElements Metal draw complete
DEBUG: mglBindVertexArray: array=0, ptr=0x0, old_vao=0x618000024c80
DEBUG: About to call SwapScreenBuffer from EndDrawing
DEBUG: SwapScreenBuffer called (raylib)

===== MGLswapBuffers called from application =====
DEBUG: endRenderEncoding - ending encoder 0x60d000079b00
DEBUG: endRenderEncoding - encoder set to NULL
===== MGLswapBuffers finished =====

DEBUG: glfwSwapBuffers returned
DEBUG: SwapScreenBuffer returned to EndDrawing
DEBUG: *** mglClear called with mask=0x4100 ***
DEBUG: *** clear_bitmask set to 0x4100 ***
DEBUG: rlGetShaderIdDefault() returning 1 (RLGL.State.defaultShaderId = 1)
DEBUG: mglBindVertexArray: array=1, ptr=0x618000024c80, old_vao=0x0
DEBUG: mglBindVertexArray: array=0, ptr=0x0, old_vao=0x618000024c80
DEBUG: mglUniformMatrix4fv:762: mglUniformMatrix4fv: location=0, count=1, transpose=0
DEBUG: mglUniformMatrix4fv:768:   Matrix[0]: [0.003 0.000 0.000 0.000] [0.000 -0.003 0.000 0.000] [0.000 0.000 -2.000 0.000] [-1.000 1.000 -1.000 1.000]
DEBUG: checkUniformParams:266: checkUniformParams: location=0, ptr=0x61d0000f2880
DEBUG: checkUniformParams:291:   OK
DEBUG: mglBindVertexArray: array=1, ptr=0x618000024c80, old_vao=0x0
DEBUG: checkUniformParams:266: checkUniformParams: location=-1, ptr=0x61d0000f2880
DEBUG: checkUniformParams:273:   location < 0, silently ignoring
DEBUG: checkUniformParams:266: checkUniformParams: location=-1, ptr=0x61d0000f2880
DEBUG: checkUniformParams:273:   location < 0, silently ignoring
DEBUG: mglDrawElements:192: mglDrawElements: mode=4, count=12, type=5125, indices=0x0
DEBUG: mtlDrawElements called, count=12, VAO=0x618000024c80, program=2
DEBUG: DIRTY_STATE with clear_bitmask and no encoder - creating new encoder
DEBUG: newRenderEncoder called from:
  0   libmgl.dylib                        0x0000000103d71b0c -[MGLRenderer newRenderEncoder] + 392
  1   libmgl.dylib                        0x0000000103d8841c -[MGLRenderer processGLState:] + 5520
  2   libmgl.dylib                        0x0000000103d9dd5c -[MGLRenderer mtlDrawElements:mode:count:type:indices:] + 1736
  3   libmgl.dylib                        0x0000000103d9e860 mtlDrawElements + 300
  4   libmgl.dylib                        0x0000000103ae527c mglDrawElements + 1952
DEBUG: endRenderEncoding - encoder was already NULL
DEBUG: Checking clear: bitmask=0x4100, frameWasCleared=0
DEBUG: Will apply clear settings
DEBUG: Setting loadAction=Clear, clearColor=(0.90,0.22,0.16,1.00) [FRAME CLEAR]
DEBUG: Clearing clear_bitmask after applying clear settings
DEBUG: Creating render encoder, loadAction=2, texture=0x616000051680
DEBUG: updateCurrentRenderEncoder: depth_test=0, stencil_test=0, blend=1
DEBUG: Setting viewport from ctx=0x62d000014400: x=0, y=0, width=1280, height=1280
DEBUG: bindVertexBuffersToCurrentRenderEncoder: count=4
  Buffer 0: size=64, offset=0
    Vertex data (first 9 floats): 0.00 0.00 0.00, 0.00 0.00 -0.00, 0.00 0.00 0.00
  Buffer 1: size=393216, offset=0
  Buffer 2: size=262144, offset=0
  Buffer 3: size=131072, offset=0
DEBUG: Plain uniform count for stage 0: 1
DEBUG:   Plain uniform[0]: location=0, binding=0, buf=0x608000057da0
DEBUG:     Added to buffer_map at index 0, Metal buffer index=0
DEBUG: Vertex buffer map after mapping: count=4
  [0] buf=0x608000057da0, attribute_mask=0x0, buffer_base_index=0
  [1] buf=0x608000050fa0, attribute_mask=0x1, buffer_base_index=0
  [2] buf=0x608000051020, attribute_mask=0x2, buffer_base_index=0
  [3] buf=0x608000051120, attribute_mask=0x4, buffer_base_index=0
DEBUG: Plain uniform count for stage 4: 0
DEBUG: DIRTY_VAO but encoder exists, rebinding buffers on existing encoder
DEBUG: bindVertexBuffersToCurrentRenderEncoder: count=4
  Buffer 0: size=64, offset=0
    Vertex data (first 9 floats): 0.00 0.00 0.00, 0.00 0.00 -0.00, 0.00 0.00 0.00
  Buffer 1: size=393216, offset=0
  Buffer 2: size=262144, offset=0
  Buffer 3: size=131072, offset=0
DEBUG: processGLState - looking up pipeline with key=0x61e1e3ce43a880 (program=2, VAO=0x618000024c80, FBO=0x0)
DEBUG: Pipeline cache HIT - reusing existing pipeline for program 2
DEBUG: mtlDrawElements processGLState returned 1, pipeline=0x61f0000c5c80
DEBUG: mtlDrawElements calling Metal drawIndexedPrimitives, count=12, offset=0
DEBUG: mtlDrawElements Metal draw complete
DEBUG: mglBindVertexArray: array=0, ptr=0x0, old_vao=0x618000024c80
DEBUG: ===== EndDrawing CALLED =====
DEBUG: mglBindVertexArray: array=1, ptr=0x618000024c80, old_vao=0x0
DEBUG: mglBindVertexArray: array=0, ptr=0x0, old_vao=0x618000024c80
DEBUG: mglUniformMatrix4fv:762: mglUniformMatrix4fv: location=0, count=1, transpose=0
DEBUG: mglUniformMatrix4fv:768:   Matrix[0]: [0.003 0.000 0.000 0.000] [0.000 -0.003 0.000 0.000] [0.000 0.000 -2.000 0.000] [-1.000 1.000 -1.000 1.000]
DEBUG: checkUniformParams:266: checkUniformParams: location=0, ptr=0x61d0000eba80
DEBUG: checkUniformParams:291:   OK
DEBUG: mglBindVertexArray: array=1, ptr=0x618000024c80, old_vao=0x0
DEBUG: checkUniformParams:266: checkUniformParams: location=1, ptr=0x61d0000eba80
DEBUG: checkUniformParams:291:   OK
DEBUG: checkUniformParams:266: checkUniformParams: location=-1, ptr=0x61d0000eba80
DEBUG: checkUniformParams:273:   location < 0, silently ignoring
DEBUG: mglDrawElements:192: mglDrawElements: mode=4, count=30, type=5125, indices=0x0
DEBUG: mtlDrawElements called, count=30, VAO=0x618000024c80, program=1
DEBUG: Plain uniform count for stage 0: 1
DEBUG:   Plain uniform[0]: location=0, binding=0, buf=0x608000057da0
DEBUG:     Added to buffer_map at index 0, Metal buffer index=0
DEBUG: Vertex buffer map after mapping: count=4
  [0] buf=0x608000057da0, attribute_mask=0x0, buffer_base_index=0
  [1] buf=0x608000050fa0, attribute_mask=0x1, buffer_base_index=0
  [2] buf=0x608000051020, attribute_mask=0x2, buffer_base_index=0
  [3] buf=0x608000051120, attribute_mask=0x4, buffer_base_index=0
DEBUG: Plain uniform count for stage 4: 1
DEBUG:   Plain uniform[0]: location=1, binding=0, buf=0x608000058a20
DEBUG:     Added to buffer_map at index 0, Metal buffer index=0
DEBUG: DIRTY_VAO but encoder exists, rebinding buffers on existing encoder
DEBUG: bindVertexBuffersToCurrentRenderEncoder: count=4
  Buffer 0: size=64, offset=0
    Vertex data (first 9 floats): 0.00 0.00 0.00, 0.00 0.00 -0.00, 0.00 0.00 0.00
  Buffer 1: size=393216, offset=0
  Buffer 2: size=262144, offset=0
  Buffer 3: size=131072, offset=0
DEBUG: processGLState - looking up pipeline with key=0x61e1e3ce423a80 (program=1, VAO=0x618000024c80, FBO=0x0)
DEBUG: Pipeline cache HIT - reusing existing pipeline for program 1
DEBUG: mtlDrawElements processGLState returned 1, pipeline=0x61f000091480
DEBUG: mtlDrawElements calling Metal drawIndexedPrimitives, count=30, offset=0
DEBUG: mtlDrawElements Metal draw complete
DEBUG: mglBindVertexArray: array=0, ptr=0x0, old_vao=0x618000024c80
DEBUG: About to call SwapScreenBuffer from EndDrawing
DEBUG: SwapScreenBuffer called (raylib)

===== MGLswapBuffers called from application =====
DEBUG: endRenderEncoding - ending encoder 0x60d000079f10
DEBUG: endRenderEncoding - encoder set to NULL
===== MGLswapBuffers finished =====

DEBUG: glfwSwapBuffers returned
DEBUG: SwapScreenBuffer returned to EndDrawing
DEBUG: *** mglClear called with mask=0x4100 ***
DEBUG: *** clear_bitmask set to 0x4100 ***
DEBUG: rlGetShaderIdDefault() returning 1 (RLGL.State.defaultShaderId = 1)
DEBUG: mglBindVertexArray: array=1, ptr=0x618000024c80, old_vao=0x0
DEBUG: mglBindVertexArray: array=0, ptr=0x0, old_vao=0x618000024c80
DEBUG: mglUniformMatrix4fv:762: mglUniformMatrix4fv: location=0, count=1, transpose=0
DEBUG: mglUniformMatrix4fv:768:   Matrix[0]: [0.003 0.000 0.000 0.000] [0.000 -0.003 0.000 0.000] [0.000 0.000 -2.000 0.000] [-1.000 1.000 -1.000 1.000]
DEBUG: checkUniformParams:266: checkUniformParams: location=0, ptr=0x61d0000f2880
DEBUG: checkUniformParams:291:   OK
DEBUG: mglBindVertexArray: array=1, ptr=0x618000024c80, old_vao=0x0
DEBUG: checkUniformParams:266: checkUniformParams: location=-1, ptr=0x61d0000f2880
DEBUG: checkUniformParams:273:   location < 0, silently ignoring
DEBUG: checkUniformParams:266: checkUniformParams: location=-1, ptr=0x61d0000f2880
DEBUG: checkUniformParams:273:   location < 0, silently ignoring
DEBUG: mglDrawElements:192: mglDrawElements: mode=4, count=12, type=5125, indices=0x0
DEBUG: mtlDrawElements called, count=12, VAO=0x618000024c80, program=2
DEBUG: DIRTY_STATE with clear_bitmask and no encoder - creating new encoder
DEBUG: newRenderEncoder called from:
  0   libmgl.dylib                        0x0000000103d71b0c -[MGLRenderer newRenderEncoder] + 392
  1   libmgl.dylib                        0x0000000103d8841c -[MGLRenderer processGLState:] + 5520
  2   libmgl.dylib                        0x0000000103d9dd5c -[MGLRenderer mtlDrawElements:mode:count:type:indices:] + 1736
  3   libmgl.dylib                        0x0000000103d9e860 mtlDrawElements + 300
  4   libmgl.dylib                        0x0000000103ae527c mglDrawElements + 1952
DEBUG: endRenderEncoding - encoder was already NULL
DEBUG: Checking clear: bitmask=0x4100, frameWasCleared=0
DEBUG: Will apply clear settings
DEBUG: Setting loadAction=Clear, clearColor=(0.90,0.22,0.16,1.00) [FRAME CLEAR]
DEBUG: Clearing clear_bitmask after applying clear settings
DEBUG: Creating render encoder, loadAction=2, texture=0x616000051c80
DEBUG: updateCurrentRenderEncoder: depth_test=0, stencil_test=0, blend=1
DEBUG: Setting viewport from ctx=0x62d000014400: x=0, y=0, width=1280, height=1280
DEBUG: bindVertexBuffersToCurrentRenderEncoder: count=4
  Buffer 0: size=64, offset=0
    Vertex data (first 9 floats): 0.00 0.00 0.00, 0.00 0.00 -0.00, 0.00 0.00 0.00
  Buffer 1: size=393216, offset=0
  Buffer 2: size=262144, offset=0
  Buffer 3: size=131072, offset=0
DEBUG: Plain uniform count for stage 0: 1
DEBUG:   Plain uniform[0]: location=0, binding=0, buf=0x608000057da0
DEBUG:     Added to buffer_map at index 0, Metal buffer index=0
DEBUG: Vertex buffer map after mapping: count=4
  [0] buf=0x608000057da0, attribute_mask=0x0, buffer_base_index=0
  [1] buf=0x608000050fa0, attribute_mask=0x1, buffer_base_index=0
  [2] buf=0x608000051020, attribute_mask=0x2, buffer_base_index=0
  [3] buf=0x608000051120, attribute_mask=0x4, buffer_base_index=0
DEBUG: Plain uniform count for stage 4: 0
DEBUG: DIRTY_VAO but encoder exists, rebinding buffers on existing encoder
DEBUG: bindVertexBuffersToCurrentRenderEncoder: count=4
  Buffer 0: size=64, offset=0
    Vertex data (first 9 floats): 0.00 0.00 0.00, 0.00 0.00 -0.00, 0.00 0.00 0.00
  Buffer 1: size=393216, offset=0
  Buffer 2: size=262144, offset=0
  Buffer 3: size=131072, offset=0
DEBUG: processGLState - looking up pipeline with key=0x61e1e3ce43a880 (program=2, VAO=0x618000024c80, FBO=0x0)
DEBUG: Pipeline cache HIT - reusing existing pipeline for program 2
DEBUG: mtlDrawElements processGLState returned 1, pipeline=0x61f0000c5c80
DEBUG: mtlDrawElements calling Metal drawIndexedPrimitives, count=12, offset=0
DEBUG: mtlDrawElements Metal draw complete
DEBUG: mglBindVertexArray: array=0, ptr=0x0, old_vao=0x618000024c80
DEBUG: ===== EndDrawing CALLED =====
DEBUG: mglBindVertexArray: array=1, ptr=0x618000024c80, old_vao=0x0
DEBUG: mglBindVertexArray: array=0, ptr=0x0, old_vao=0x618000024c80
DEBUG: mglUniformMatrix4fv:762: mglUniformMatrix4fv: location=0, count=1, transpose=0
DEBUG: mglUniformMatrix4fv:768:   Matrix[0]: [0.003 0.000 0.000 0.000] [0.000 -0.003 0.000 0.000] [0.000 0.000 -2.000 0.000] [-1.000 1.000 -1.000 1.000]
DEBUG: checkUniformParams:266: checkUniformParams: location=0, ptr=0x61d0000eba80
DEBUG: checkUniformParams:291:   OK
DEBUG: mglBindVertexArray: array=1, ptr=0x618000024c80, old_vao=0x0
DEBUG: checkUniformParams:266: checkUniformParams: location=1, ptr=0x61d0000eba80
DEBUG: checkUniformParams:291:   OK
DEBUG: checkUniformParams:266: checkUniformParams: location=-1, ptr=0x61d0000eba80
DEBUG: checkUniformParams:273:   location < 0, silently ignoring
DEBUG: mglDrawElements:192: mglDrawElements: mode=4, count=30, type=5125, indices=0x0
DEBUG: mtlDrawElements called, count=30, VAO=0x618000024c80, program=1
DEBUG: Plain uniform count for stage 0: 1
DEBUG:   Plain uniform[0]: location=0, binding=0, buf=0x608000057da0
DEBUG:     Added to buffer_map at index 0, Metal buffer index=0
DEBUG: Vertex buffer map after mapping: count=4
  [0] buf=0x608000057da0, attribute_mask=0x0, buffer_base_index=0
  [1] buf=0x608000050fa0, attribute_mask=0x1, buffer_base_index=0
  [2] buf=0x608000051020, attribute_mask=0x2, buffer_base_index=0
  [3] buf=0x608000051120, attribute_mask=0x4, buffer_base_index=0
DEBUG: Plain uniform count for stage 4: 1
DEBUG:   Plain uniform[0]: location=1, binding=0, buf=0x608000058a20
DEBUG:     Added to buffer_map at index 0, Metal buffer index=0
DEBUG: DIRTY_VAO but encoder exists, rebinding buffers on existing encoder
DEBUG: bindVertexBuffersToCurrentRenderEncoder: count=4
  Buffer 0: size=64, offset=0
    Vertex data (first 9 floats): 0.00 0.00 0.00, 0.00 0.00 -0.00, 0.00 0.00 0.00
  Buffer 1: size=393216, offset=0
  Buffer 2: size=262144, offset=0
  Buffer 3: size=131072, offset=0
DEBUG: processGLState - looking up pipeline with key=0x61e1e3ce423a80 (program=1, VAO=0x618000024c80, FBO=0x0)
DEBUG: Pipeline cache HIT - reusing existing pipeline for program 1
DEBUG: mtlDrawElements processGLState returned 1, pipeline=0x61f000091480
DEBUG: mtlDrawElements calling Metal drawIndexedPrimitives, count=30, offset=0
DEBUG: mtlDrawElements Metal draw complete
DEBUG: mglBindVertexArray: array=0, ptr=0x0, old_vao=0x618000024c80
DEBUG: About to call SwapScreenBuffer from EndDrawing
DEBUG: SwapScreenBuffer called (raylib)

===== MGLswapBuffers called from application =====
DEBUG: endRenderEncoding - ending encoder 0x60d000079fe0
DEBUG: endRenderEncoding - encoder set to NULL
===== MGLswapBuffers finished =====

DEBUG: glfwSwapBuffers returned
DEBUG: SwapScreenBuffer returned to EndDrawing
DEBUG: *** mglClear called with mask=0x4100 ***
DEBUG: *** clear_bitmask set to 0x4100 ***
DEBUG: rlGetShaderIdDefault() returning 1 (RLGL.State.defaultShaderId = 1)
DEBUG: mglBindVertexArray: array=1, ptr=0x618000024c80, old_vao=0x0
DEBUG: mglBindVertexArray: array=0, ptr=0x0, old_vao=0x618000024c80
DEBUG: mglUniformMatrix4fv:762: mglUniformMatrix4fv: location=0, count=1, transpose=0
DEBUG: mglUniformMatrix4fv:768:   Matrix[0]: [0.003 0.000 0.000 0.000] [0.000 -0.003 0.000 0.000] [0.000 0.000 -2.000 0.000] [-1.000 1.000 -1.000 1.000]
DEBUG: checkUniformParams:266: checkUniformParams: location=0, ptr=0x61d0000f2880
DEBUG: checkUniformParams:291:   OK
DEBUG: mglBindVertexArray: array=1, ptr=0x618000024c80, old_vao=0x0
DEBUG: checkUniformParams:266: checkUniformParams: location=-1, ptr=0x61d0000f2880
DEBUG: checkUniformParams:273:   location < 0, silently ignoring
DEBUG: checkUniformParams:266: checkUniformParams: location=-1, ptr=0x61d0000f2880
DEBUG: checkUniformParams:273:   location < 0, silently ignoring
DEBUG: mglDrawElements:192: mglDrawElements: mode=4, count=12, type=5125, indices=0x0
DEBUG: mtlDrawElements called, count=12, VAO=0x618000024c80, program=2
DEBUG: DIRTY_STATE with clear_bitmask and no encoder - creating new encoder
DEBUG: newRenderEncoder called from:
  0   libmgl.dylib                        0x0000000103d71b0c -[MGLRenderer newRenderEncoder] + 392
  1   libmgl.dylib                        0x0000000103d8841c -[MGLRenderer processGLState:] + 5520
  2   libmgl.dylib                        0x0000000103d9dd5c -[MGLRenderer mtlDrawElements:mode:count:type:indices:] + 1736
  3   libmgl.dylib                        0x0000000103d9e860 mtlDrawElements + 300
  4   libmgl.dylib                        0x0000000103ae527c mglDrawElements + 1952
DEBUG: endRenderEncoding - encoder was already NULL
DEBUG: Checking clear: bitmask=0x4100, frameWasCleared=0
DEBUG: Will apply clear settings
DEBUG: Setting loadAction=Clear, clearColor=(0.90,0.22,0.16,1.00) [FRAME CLEAR]
DEBUG: Clearing clear_bitmask after applying clear settings
DEBUG: Creating render encoder, loadAction=2, texture=0x61600005c780
DEBUG: updateCurrentRenderEncoder: depth_test=0, stencil_test=0, blend=1
DEBUG: Setting viewport from ctx=0x62d000014400: x=0, y=0, width=1280, height=1280
DEBUG: bindVertexBuffersToCurrentRenderEncoder: count=4
  Buffer 0: size=64, offset=0
    Vertex data (first 9 floats): 0.00 0.00 0.00, 0.00 0.00 -0.00, 0.00 0.00 0.00
  Buffer 1: size=393216, offset=0
  Buffer 2: size=262144, offset=0
  Buffer 3: size=131072, offset=0
DEBUG: Plain uniform count for stage 0: 1
DEBUG:   Plain uniform[0]: location=0, binding=0, buf=0x608000057da0
DEBUG:     Added to buffer_map at index 0, Metal buffer index=0
DEBUG: Vertex buffer map after mapping: count=4
  [0] buf=0x608000057da0, attribute_mask=0x0, buffer_base_index=0
  [1] buf=0x608000050fa0, attribute_mask=0x1, buffer_base_index=0
  [2] buf=0x608000051020, attribute_mask=0x2, buffer_base_index=0
  [3] buf=0x608000051120, attribute_mask=0x4, buffer_base_index=0
DEBUG: Plain uniform count for stage 4: 0
DEBUG: DIRTY_VAO but encoder exists, rebinding buffers on existing encoder
DEBUG: bindVertexBuffersToCurrentRenderEncoder: count=4
  Buffer 0: size=64, offset=0
    Vertex data (first 9 floats): 0.00 0.00 0.00, 0.00 0.00 -0.00, 0.00 0.00 0.00
  Buffer 1: size=393216, offset=0
  Buffer 2: size=262144, offset=0
  Buffer 3: size=131072, offset=0
DEBUG: processGLState - looking up pipeline with key=0x61e1e3ce43a880 (program=2, VAO=0x618000024c80, FBO=0x0)
DEBUG: Pipeline cache HIT - reusing existing pipeline for program 2
DEBUG: mtlDrawElements processGLState returned 1, pipeline=0x61f0000c5c80
DEBUG: mtlDrawElements calling Metal drawIndexedPrimitives, count=12, offset=0
DEBUG: mtlDrawElements Metal draw complete
DEBUG: mglBindVertexArray: array=0, ptr=0x0, old_vao=0x618000024c80
DEBUG: ===== EndDrawing CALLED =====
DEBUG: mglBindVertexArray: array=1, ptr=0x618000024c80, old_vao=0x0
DEBUG: mglBindVertexArray: array=0, ptr=0x0, old_vao=0x618000024c80
DEBUG: mglUniformMatrix4fv:762: mglUniformMatrix4fv: location=0, count=1, transpose=0
DEBUG: mglUniformMatrix4fv:768:   Matrix[0]: [0.003 0.000 0.000 0.000] [0.000 -0.003 0.000 0.000] [0.000 0.000 -2.000 0.000] [-1.000 1.000 -1.000 1.000]
DEBUG: checkUniformParams:266: checkUniformParams: location=0, ptr=0x61d0000eba80
DEBUG: checkUniformParams:291:   OK
DEBUG: mglBindVertexArray: array=1, ptr=0x618000024c80, old_vao=0x0
DEBUG: checkUniformParams:266: checkUniformParams: location=1, ptr=0x61d0000eba80
DEBUG: checkUniformParams:291:   OK
DEBUG: checkUniformParams:266: checkUniformParams: location=-1, ptr=0x61d0000eba80
DEBUG: checkUniformParams:273:   location < 0, silently ignoring
DEBUG: mglDrawElements:192: mglDrawElements: mode=4, count=30, type=5125, indices=0x0
DEBUG: mtlDrawElements called, count=30, VAO=0x618000024c80, program=1
DEBUG: Plain uniform count for stage 0: 1
DEBUG:   Plain uniform[0]: location=0, binding=0, buf=0x608000057da0
DEBUG:     Added to buffer_map at index 0, Metal buffer index=0
DEBUG: Vertex buffer map after mapping: count=4
  [0] buf=0x608000057da0, attribute_mask=0x0, buffer_base_index=0
  [1] buf=0x608000050fa0, attribute_mask=0x1, buffer_base_index=0
  [2] buf=0x608000051020, attribute_mask=0x2, buffer_base_index=0
  [3] buf=0x608000051120, attribute_mask=0x4, buffer_base_index=0
DEBUG: Plain uniform count for stage 4: 1
DEBUG:   Plain uniform[0]: location=1, binding=0, buf=0x608000058a20
DEBUG:     Added to buffer_map at index 0, Metal buffer index=0
DEBUG: DIRTY_VAO but encoder exists, rebinding buffers on existing encoder
DEBUG: bindVertexBuffersToCurrentRenderEncoder: count=4
  Buffer 0: size=64, offset=0
    Vertex data (first 9 floats): 0.00 0.00 0.00, 0.00 0.00 -0.00, 0.00 0.00 0.00
  Buffer 1: size=393216, offset=0
  Buffer 2: size=262144, offset=0
  Buffer 3: size=131072, offset=0
DEBUG: processGLState - looking up pipeline with key=0x61e1e3ce423a80 (program=1, VAO=0x618000024c80, FBO=0x0)
DEBUG: Pipeline cache HIT - reusing existing pipeline for program 1
DEBUG: mtlDrawElements processGLState returned 1, pipeline=0x61f000091480
DEBUG: mtlDrawElements calling Metal drawIndexedPrimitives, count=30, offset=0
DEBUG: mtlDrawElements Metal draw complete
DEBUG: mglBindVertexArray: array=0, ptr=0x0, old_vao=0x618000024c80
DEBUG: About to call SwapScreenBuffer from EndDrawing
DEBUG: SwapScreenBuffer called (raylib)

===== MGLswapBuffers called from application =====
DEBUG: endRenderEncoding - ending encoder 0x60d00007ae80
DEBUG: endRenderEncoding - encoder set to NULL
===== MGLswapBuffers finished =====

DEBUG: glfwSwapBuffers returned
DEBUG: SwapScreenBuffer returned to EndDrawing
DEBUG: *** mglClear called with mask=0x4100 ***
DEBUG: *** clear_bitmask set to 0x4100 ***
DEBUG: rlGetShaderIdDefault() returning 1 (RLGL.State.defaultShaderId = 1)
DEBUG: mglBindVertexArray: array=1, ptr=0x618000024c80, old_vao=0x0
DEBUG: mglBindVertexArray: array=0, ptr=0x0, old_vao=0x618000024c80
DEBUG: mglUniformMatrix4fv:762: mglUniformMatrix4fv: location=0, count=1, transpose=0
DEBUG: mglUniformMatrix4fv:768:   Matrix[0]: [0.003 0.000 0.000 0.000] [0.000 -0.003 0.000 0.000] [0.000 0.000 -2.000 0.000] [-1.000 1.000 -1.000 1.000]
DEBUG: checkUniformParams:266: checkUniformParams: location=0, ptr=0x61d0000f2880
DEBUG: checkUniformParams:291:   OK
DEBUG: mglBindVertexArray: array=1, ptr=0x618000024c80, old_vao=0x0
DEBUG: checkUniformParams:266: checkUniformParams: location=-1, ptr=0x61d0000f2880
DEBUG: checkUniformParams:273:   location < 0, silently ignoring
DEBUG: checkUniformParams:266: checkUniformParams: location=-1, ptr=0x61d0000f2880
DEBUG: checkUniformParams:273:   location < 0, silently ignoring
DEBUG: mglDrawElements:192: mglDrawElements: mode=4, count=12, type=5125, indices=0x0
DEBUG: mtlDrawElements called, count=12, VAO=0x618000024c80, program=2
DEBUG: DIRTY_STATE with clear_bitmask and no encoder - creating new encoder
DEBUG: newRenderEncoder called from:
  0   libmgl.dylib                        0x0000000103d71b0c -[MGLRenderer newRenderEncoder] + 392
  1   libmgl.dylib                        0x0000000103d8841c -[MGLRenderer processGLState:] + 5520
  2   libmgl.dylib                        0x0000000103d9dd5c -[MGLRenderer mtlDrawElements:mode:count:type:indices:] + 1736
  3   libmgl.dylib                        0x0000000103d9e860 mtlDrawElements + 300
  4   libmgl.dylib                        0x0000000103ae527c mglDrawElements + 1952
DEBUG: endRenderEncoding - encoder was already NULL
DEBUG: Checking clear: bitmask=0x4100, frameWasCleared=0
DEBUG: Will apply clear settings
DEBUG: Setting loadAction=Clear, clearColor=(0.90,0.22,0.16,1.00) [FRAME CLEAR]
DEBUG: Clearing clear_bitmask after applying clear settings
DEBUG: Creating render encoder, loadAction=2, texture=0x616000051680
DEBUG: updateCurrentRenderEncoder: depth_test=0, stencil_test=0, blend=1
DEBUG: Setting viewport from ctx=0x62d000014400: x=0, y=0, width=1280, height=1280
DEBUG: bindVertexBuffersToCurrentRenderEncoder: count=4
  Buffer 0: size=64, offset=0
    Vertex data (first 9 floats): 0.00 0.00 0.00, 0.00 0.00 -0.00, 0.00 0.00 0.00
  Buffer 1: size=393216, offset=0
  Buffer 2: size=262144, offset=0
  Buffer 3: size=131072, offset=0
DEBUG: Plain uniform count for stage 0: 1
DEBUG:   Plain uniform[0]: location=0, binding=0, buf=0x608000057da0
DEBUG:     Added to buffer_map at index 0, Metal buffer index=0
DEBUG: Vertex buffer map after mapping: count=4
  [0] buf=0x608000057da0, attribute_mask=0x0, buffer_base_index=0
  [1] buf=0x608000050fa0, attribute_mask=0x1, buffer_base_index=0
  [2] buf=0x608000051020, attribute_mask=0x2, buffer_base_index=0
  [3] buf=0x608000051120, attribute_mask=0x4, buffer_base_index=0
DEBUG: Plain uniform count for stage 4: 0
DEBUG: DIRTY_VAO but encoder exists, rebinding buffers on existing encoder
DEBUG: bindVertexBuffersToCurrentRenderEncoder: count=4
  Buffer 0: size=64, offset=0
    Vertex data (first 9 floats): 0.00 0.00 0.00, 0.00 0.00 -0.00, 0.00 0.00 0.00
  Buffer 1: size=393216, offset=0
  Buffer 2: size=262144, offset=0
  Buffer 3: size=131072, offset=0
DEBUG: processGLState - looking up pipeline with key=0x61e1e3ce43a880 (program=2, VAO=0x618000024c80, FBO=0x0)
DEBUG: Pipeline cache HIT - reusing existing pipeline for program 2
DEBUG: mtlDrawElements processGLState returned 1, pipeline=0x61f0000c5c80
DEBUG: mtlDrawElements calling Metal drawIndexedPrimitives, count=12, offset=0
DEBUG: mtlDrawElements Metal draw complete
DEBUG: mglBindVertexArray: array=0, ptr=0x0, old_vao=0x618000024c80
DEBUG: ===== EndDrawing CALLED =====
DEBUG: mglBindVertexArray: array=1, ptr=0x618000024c80, old_vao=0x0
DEBUG: mglBindVertexArray: array=0, ptr=0x0, old_vao=0x618000024c80
DEBUG: mglUniformMatrix4fv:762: mglUniformMatrix4fv: location=0, count=1, transpose=0
DEBUG: mglUniformMatrix4fv:768:   Matrix[0]: [0.003 0.000 0.000 0.000] [0.000 -0.003 0.000 0.000] [0.000 0.000 -2.000 0.000] [-1.000 1.000 -1.000 1.000]
DEBUG: checkUniformParams:266: checkUniformParams: location=0, ptr=0x61d0000eba80
DEBUG: checkUniformParams:291:   OK
DEBUG: mglBindVertexArray: array=1, ptr=0x618000024c80, old_vao=0x0
DEBUG: checkUniformParams:266: checkUniformParams: location=1, ptr=0x61d0000eba80
DEBUG: checkUniformParams:291:   OK
DEBUG: checkUniformParams:266: checkUniformParams: location=-1, ptr=0x61d0000eba80
DEBUG: checkUniformParams:273:   location < 0, silently ignoring
DEBUG: mglDrawElements:192: mglDrawElements: mode=4, count=30, type=5125, indices=0x0
DEBUG: mtlDrawElements called, count=30, VAO=0x618000024c80, program=1
DEBUG: Plain uniform count for stage 0: 1
DEBUG:   Plain uniform[0]: location=0, binding=0, buf=0x608000057da0
DEBUG:     Added to buffer_map at index 0, Metal buffer index=0
DEBUG: Vertex buffer map after mapping: count=4
  [0] buf=0x608000057da0, attribute_mask=0x0, buffer_base_index=0
  [1] buf=0x608000050fa0, attribute_mask=0x1, buffer_base_index=0
  [2] buf=0x608000051020, attribute_mask=0x2, buffer_base_index=0
  [3] buf=0x608000051120, attribute_mask=0x4, buffer_base_index=0
DEBUG: Plain uniform count for stage 4: 1
DEBUG:   Plain uniform[0]: location=1, binding=0, buf=0x608000058a20
DEBUG:     Added to buffer_map at index 0, Metal buffer index=0
DEBUG: DIRTY_VAO but encoder exists, rebinding buffers on existing encoder
DEBUG: bindVertexBuffersToCurrentRenderEncoder: count=4
  Buffer 0: size=64, offset=0
    Vertex data (first 9 floats): 0.00 0.00 0.00, 0.00 0.00 -0.00, 0.00 0.00 0.00
  Buffer 1: size=393216, offset=0
  Buffer 2: size=262144, offset=0
  Buffer 3: size=131072, offset=0
DEBUG: processGLState - looking up pipeline with key=0x61e1e3ce423a80 (program=1, VAO=0x618000024c80, FBO=0x0)
DEBUG: Pipeline cache HIT - reusing existing pipeline for program 1
DEBUG: mtlDrawElements processGLState returned 1, pipeline=0x61f000091480
DEBUG: mtlDrawElements calling Metal drawIndexedPrimitives, count=30, offset=0
DEBUG: mtlDrawElements Metal draw complete
DEBUG: mglBindVertexArray: array=0, ptr=0x0, old_vao=0x618000024c80
DEBUG: About to call SwapScreenBuffer from EndDrawing
DEBUG: SwapScreenBuffer called (raylib)

===== MGLswapBuffers called from application =====
DEBUG: endRenderEncoding - ending encoder 0x60d00007af50
DEBUG: endRenderEncoding - encoder set to NULL
===== MGLswapBuffers finished =====

DEBUG: glfwSwapBuffers returned
DEBUG: SwapScreenBuffer returned to EndDrawing
DEBUG: *** mglClear called with mask=0x4100 ***
DEBUG: *** clear_bitmask set to 0x4100 ***
DEBUG: rlGetShaderIdDefault() returning 1 (RLGL.State.defaultShaderId = 1)
DEBUG: mglBindVertexArray: array=1, ptr=0x618000024c80, old_vao=0x0
DEBUG: mglBindVertexArray: array=0, ptr=0x0, old_vao=0x618000024c80
DEBUG: mglUniformMatrix4fv:762: mglUniformMatrix4fv: location=0, count=1, transpose=0
DEBUG: mglUniformMatrix4fv:768:   Matrix[0]: [0.003 0.000 0.000 0.000] [0.000 -0.003 0.000 0.000] [0.000 0.000 -2.000 0.000] [-1.000 1.000 -1.000 1.000]
DEBUG: checkUniformParams:266: checkUniformParams: location=0, ptr=0x61d0000f2880
DEBUG: checkUniformParams:291:   OK
DEBUG: mglBindVertexArray: array=1, ptr=0x618000024c80, old_vao=0x0
DEBUG: checkUniformParams:266: checkUniformParams: location=-1, ptr=0x61d0000f2880
DEBUG: checkUniformParams:273:   location < 0, silently ignoring
DEBUG: checkUniformParams:266: checkUniformParams: location=-1, ptr=0x61d0000f2880
DEBUG: checkUniformParams:273:   location < 0, silently ignoring
DEBUG: mglDrawElements:192: mglDrawElements: mode=4, count=12, type=5125, indices=0x0
DEBUG: mtlDrawElements called, count=12, VAO=0x618000024c80, program=2
DEBUG: DIRTY_STATE with clear_bitmask and no encoder - creating new encoder
DEBUG: newRenderEncoder called from:
  0   libmgl.dylib                        0x0000000103d71b0c -[MGLRenderer newRenderEncoder] + 392
  1   libmgl.dylib                        0x0000000103d8841c -[MGLRenderer processGLState:] + 5520
  2   libmgl.dylib                        0x0000000103d9dd5c -[MGLRenderer mtlDrawElements:mode:count:type:indices:] + 1736
  3   libmgl.dylib                        0x0000000103d9e860 mtlDrawElements + 300
  4   libmgl.dylib                        0x0000000103ae527c mglDrawElements + 1952
DEBUG: endRenderEncoding - encoder was already NULL
DEBUG: Checking clear: bitmask=0x4100, frameWasCleared=0
DEBUG: Will apply clear settings
DEBUG: Setting loadAction=Clear, clearColor=(0.90,0.22,0.16,1.00) [FRAME CLEAR]
DEBUG: Clearing clear_bitmask after applying clear settings
DEBUG: Creating render encoder, loadAction=2, texture=0x616000051c80
DEBUG: updateCurrentRenderEncoder: depth_test=0, stencil_test=0, blend=1
DEBUG: Setting viewport from ctx=0x62d000014400: x=0, y=0, width=1280, height=1280
DEBUG: bindVertexBuffersToCurrentRenderEncoder: count=4
  Buffer 0: size=64, offset=0
    Vertex data (first 9 floats): 0.00 0.00 0.00, 0.00 0.00 -0.00, 0.00 0.00 0.00
  Buffer 1: size=393216, offset=0
  Buffer 2: size=262144, offset=0
  Buffer 3: size=131072, offset=0
DEBUG: Plain uniform count for stage 0: 1
DEBUG:   Plain uniform[0]: location=0, binding=0, buf=0x608000057da0
DEBUG:     Added to buffer_map at index 0, Metal buffer index=0
DEBUG: Vertex buffer map after mapping: count=4
  [0] buf=0x608000057da0, attribute_mask=0x0, buffer_base_index=0
  [1] buf=0x608000050fa0, attribute_mask=0x1, buffer_base_index=0
  [2] buf=0x608000051020, attribute_mask=0x2, buffer_base_index=0
  [3] buf=0x608000051120, attribute_mask=0x4, buffer_base_index=0
DEBUG: Plain uniform count for stage 4: 0
DEBUG: DIRTY_VAO but encoder exists, rebinding buffers on existing encoder
DEBUG: bindVertexBuffersToCurrentRenderEncoder: count=4
  Buffer 0: size=64, offset=0
    Vertex data (first 9 floats): 0.00 0.00 0.00, 0.00 0.00 -0.00, 0.00 0.00 0.00
  Buffer 1: size=393216, offset=0
  Buffer 2: size=262144, offset=0
  Buffer 3: size=131072, offset=0
DEBUG: processGLState - looking up pipeline with key=0x61e1e3ce43a880 (program=2, VAO=0x618000024c80, FBO=0x0)
DEBUG: Pipeline cache HIT - reusing existing pipeline for program 2
DEBUG: mtlDrawElements processGLState returned 1, pipeline=0x61f0000c5c80
DEBUG: mtlDrawElements calling Metal drawIndexedPrimitives, count=12, offset=0
DEBUG: mtlDrawElements Metal draw complete
DEBUG: mglBindVertexArray: array=0, ptr=0x0, old_vao=0x618000024c80
DEBUG: ===== EndDrawing CALLED =====
DEBUG: mglBindVertexArray: array=1, ptr=0x618000024c80, old_vao=0x0
DEBUG: mglBindVertexArray: array=0, ptr=0x0, old_vao=0x618000024c80
DEBUG: mglUniformMatrix4fv:762: mglUniformMatrix4fv: location=0, count=1, transpose=0
DEBUG: mglUniformMatrix4fv:768:   Matrix[0]: [0.003 0.000 0.000 0.000] [0.000 -0.003 0.000 0.000] [0.000 0.000 -2.000 0.000] [-1.000 1.000 -1.000 1.000]
DEBUG: checkUniformParams:266: checkUniformParams: location=0, ptr=0x61d0000eba80
DEBUG: checkUniformParams:291:   OK
DEBUG: mglBindVertexArray: array=1, ptr=0x618000024c80, old_vao=0x0
DEBUG: checkUniformParams:266: checkUniformParams: location=1, ptr=0x61d0000eba80
DEBUG: checkUniformParams:291:   OK
DEBUG: checkUniformParams:266: checkUniformParams: location=-1, ptr=0x61d0000eba80
DEBUG: checkUniformParams:273:   location < 0, silently ignoring
DEBUG: mglDrawElements:192: mglDrawElements: mode=4, count=30, type=5125, indices=0x0
DEBUG: mtlDrawElements called, count=30, VAO=0x618000024c80, program=1
DEBUG: Plain uniform count for stage 0: 1
DEBUG:   Plain uniform[0]: location=0, binding=0, buf=0x608000057da0
DEBUG:     Added to buffer_map at index 0, Metal buffer index=0
DEBUG: Vertex buffer map after mapping: count=4
  [0] buf=0x608000057da0, attribute_mask=0x0, buffer_base_index=0
  [1] buf=0x608000050fa0, attribute_mask=0x1, buffer_base_index=0
  [2] buf=0x608000051020, attribute_mask=0x2, buffer_base_index=0
  [3] buf=0x608000051120, attribute_mask=0x4, buffer_base_index=0
DEBUG: Plain uniform count for stage 4: 1
DEBUG:   Plain uniform[0]: location=1, binding=0, buf=0x608000058a20
DEBUG:     Added to buffer_map at index 0, Metal buffer index=0
DEBUG: DIRTY_VAO but encoder exists, rebinding buffers on existing encoder
DEBUG: bindVertexBuffersToCurrentRenderEncoder: count=4
  Buffer 0: size=64, offset=0
    Vertex data (first 9 floats): 0.00 0.00 0.00, 0.00 0.00 -0.00, 0.00 0.00 0.00
  Buffer 1: size=393216, offset=0
  Buffer 2: size=262144, offset=0
  Buffer 3: size=131072, offset=0
DEBUG: processGLState - looking up pipeline with key=0x61e1e3ce423a80 (program=1, VAO=0x618000024c80, FBO=0x0)
DEBUG: Pipeline cache HIT - reusing existing pipeline for program 1
DEBUG: mtlDrawElements processGLState returned 1, pipeline=0x61f000091480
DEBUG: mtlDrawElements calling Metal drawIndexedPrimitives, count=30, offset=0
DEBUG: mtlDrawElements Metal draw complete
DEBUG: mglBindVertexArray: array=0, ptr=0x0, old_vao=0x618000024c80
DEBUG: About to call SwapScreenBuffer from EndDrawing
DEBUG: SwapScreenBuffer called (raylib)

===== MGLswapBuffers called from application =====
DEBUG: endRenderEncoding - ending encoder 0x60d00007b020
DEBUG: endRenderEncoding - encoder set to NULL
===== MGLswapBuffers finished =====

DEBUG: glfwSwapBuffers returned
DEBUG: SwapScreenBuffer returned to EndDrawing
DEBUG: *** mglClear called with mask=0x4100 ***
DEBUG: *** clear_bitmask set to 0x4100 ***
DEBUG: rlGetShaderIdDefault() returning 1 (RLGL.State.defaultShaderId = 1)
DEBUG: mglBindVertexArray: array=1, ptr=0x618000024c80, old_vao=0x0
DEBUG: mglBindVertexArray: array=0, ptr=0x0, old_vao=0x618000024c80
DEBUG: mglUniformMatrix4fv:762: mglUniformMatrix4fv: location=0, count=1, transpose=0
DEBUG: mglUniformMatrix4fv:768:   Matrix[0]: [0.003 0.000 0.000 0.000] [0.000 -0.003 0.000 0.000] [0.000 0.000 -2.000 0.000] [-1.000 1.000 -1.000 1.000]
DEBUG: checkUniformParams:266: checkUniformParams: location=0, ptr=0x61d0000f2880
DEBUG: checkUniformParams:291:   OK
DEBUG: mglBindVertexArray: array=1, ptr=0x618000024c80, old_vao=0x0
DEBUG: checkUniformParams:266: checkUniformParams: location=-1, ptr=0x61d0000f2880
DEBUG: checkUniformParams:273:   location < 0, silently ignoring
DEBUG: checkUniformParams:266: checkUniformParams: location=-1, ptr=0x61d0000f2880
DEBUG: checkUniformParams:273:   location < 0, silently ignoring
DEBUG: mglDrawElements:192: mglDrawElements: mode=4, count=12, type=5125, indices=0x0
DEBUG: mtlDrawElements called, count=12, VAO=0x618000024c80, program=2
DEBUG: DIRTY_STATE with clear_bitmask and no encoder - creating new encoder
DEBUG: newRenderEncoder called from:
  0   libmgl.dylib                        0x0000000103d71b0c -[MGLRenderer newRenderEncoder] + 392
  1   libmgl.dylib                        0x0000000103d8841c -[MGLRenderer processGLState:] + 5520
  2   libmgl.dylib                        0x0000000103d9dd5c -[MGLRenderer mtlDrawElements:mode:count:type:indices:] + 1736
  3   libmgl.dylib                        0x0000000103d9e860 mtlDrawElements + 300
  4   libmgl.dylib                        0x0000000103ae527c mglDrawElements + 1952
DEBUG: endRenderEncoding - encoder was already NULL
DEBUG: Checking clear: bitmask=0x4100, frameWasCleared=0
DEBUG: Will apply clear settings
DEBUG: Setting loadAction=Clear, clearColor=(0.90,0.22,0.16,1.00) [FRAME CLEAR]
DEBUG: Clearing clear_bitmask after applying clear settings
DEBUG: Creating render encoder, loadAction=2, texture=0x61600005c780
DEBUG: updateCurrentRenderEncoder: depth_test=0, stencil_test=0, blend=1
DEBUG: Setting viewport from ctx=0x62d000014400: x=0, y=0, width=1280, height=1280
DEBUG: bindVertexBuffersToCurrentRenderEncoder: count=4
  Buffer 0: size=64, offset=0
    Vertex data (first 9 floats): 0.00 0.00 0.00, 0.00 0.00 -0.00, 0.00 0.00 0.00
  Buffer 1: size=393216, offset=0
  Buffer 2: size=262144, offset=0
  Buffer 3: size=131072, offset=0
DEBUG: Plain uniform count for stage 0: 1
DEBUG:   Plain uniform[0]: location=0, binding=0, buf=0x608000057da0
DEBUG:     Added to buffer_map at index 0, Metal buffer index=0
DEBUG: Vertex buffer map after mapping: count=4
  [0] buf=0x608000057da0, attribute_mask=0x0, buffer_base_index=0
  [1] buf=0x608000050fa0, attribute_mask=0x1, buffer_base_index=0
  [2] buf=0x608000051020, attribute_mask=0x2, buffer_base_index=0
  [3] buf=0x608000051120, attribute_mask=0x4, buffer_base_index=0
DEBUG: Plain uniform count for stage 4: 0
DEBUG: DIRTY_VAO but encoder exists, rebinding buffers on existing encoder
DEBUG: bindVertexBuffersToCurrentRenderEncoder: count=4
  Buffer 0: size=64, offset=0
    Vertex data (first 9 floats): 0.00 0.00 0.00, 0.00 0.00 -0.00, 0.00 0.00 0.00
  Buffer 1: size=393216, offset=0
  Buffer 2: size=262144, offset=0
  Buffer 3: size=131072, offset=0
DEBUG: processGLState - looking up pipeline with key=0x61e1e3ce43a880 (program=2, VAO=0x618000024c80, FBO=0x0)
DEBUG: Pipeline cache HIT - reusing existing pipeline for program 2
DEBUG: mtlDrawElements processGLState returned 1, pipeline=0x61f0000c5c80
DEBUG: mtlDrawElements calling Metal drawIndexedPrimitives, count=12, offset=0
DEBUG: mtlDrawElements Metal draw complete
DEBUG: mglBindVertexArray: array=0, ptr=0x0, old_vao=0x618000024c80
DEBUG: ===== EndDrawing CALLED =====
DEBUG: mglBindVertexArray: array=1, ptr=0x618000024c80, old_vao=0x0
DEBUG: mglBindVertexArray: array=0, ptr=0x0, old_vao=0x618000024c80
DEBUG: mglUniformMatrix4fv:762: mglUniformMatrix4fv: location=0, count=1, transpose=0
DEBUG: mglUniformMatrix4fv:768:   Matrix[0]: [0.003 0.000 0.000 0.000] [0.000 -0.003 0.000 0.000] [0.000 0.000 -2.000 0.000] [-1.000 1.000 -1.000 1.000]
DEBUG: checkUniformParams:266: checkUniformParams: location=0, ptr=0x61d0000eba80
DEBUG: checkUniformParams:291:   OK
DEBUG: mglBindVertexArray: array=1, ptr=0x618000024c80, old_vao=0x0
DEBUG: checkUniformParams:266: checkUniformParams: location=1, ptr=0x61d0000eba80
DEBUG: checkUniformParams:291:   OK
DEBUG: checkUniformParams:266: checkUniformParams: location=-1, ptr=0x61d0000eba80
DEBUG: checkUniformParams:273:   location < 0, silently ignoring
DEBUG: mglDrawElements:192: mglDrawElements: mode=4, count=30, type=5125, indices=0x0
DEBUG: mtlDrawElements called, count=30, VAO=0x618000024c80, program=1
DEBUG: Plain uniform count for stage 0: 1
DEBUG:   Plain uniform[0]: location=0, binding=0, buf=0x608000057da0
DEBUG:     Added to buffer_map at index 0, Metal buffer index=0
DEBUG: Vertex buffer map after mapping: count=4
  [0] buf=0x608000057da0, attribute_mask=0x0, buffer_base_index=0
  [1] buf=0x608000050fa0, attribute_mask=0x1, buffer_base_index=0
  [2] buf=0x608000051020, attribute_mask=0x2, buffer_base_index=0
  [3] buf=0x608000051120, attribute_mask=0x4, buffer_base_index=0
DEBUG: Plain uniform count for stage 4: 1
DEBUG:   Plain uniform[0]: location=1, binding=0, buf=0x608000058a20
DEBUG:     Added to buffer_map at index 0, Metal buffer index=0
DEBUG: DIRTY_VAO but encoder exists, rebinding buffers on existing encoder
DEBUG: bindVertexBuffersToCurrentRenderEncoder: count=4
  Buffer 0: size=64, offset=0
    Vertex data (first 9 floats): 0.00 0.00 0.00, 0.00 0.00 -0.00, 0.00 0.00 0.00
  Buffer 1: size=393216, offset=0
  Buffer 2: size=262144, offset=0
  Buffer 3: size=131072, offset=0
DEBUG: processGLState - looking up pipeline with key=0x61e1e3ce423a80 (program=1, VAO=0x618000024c80, FBO=0x0)
DEBUG: Pipeline cache HIT - reusing existing pipeline for program 1
DEBUG: mtlDrawElements processGLState returned 1, pipeline=0x61f000091480
DEBUG: mtlDrawElements calling Metal drawIndexedPrimitives, count=30, offset=0
DEBUG: mtlDrawElements Metal draw complete
DEBUG: mglBindVertexArray: array=0, ptr=0x0, old_vao=0x618000024c80
DEBUG: About to call SwapScreenBuffer from EndDrawing
DEBUG: SwapScreenBuffer called (raylib)

===== MGLswapBuffers called from application =====
DEBUG: endRenderEncoding - ending encoder 0x60d00007b0f0
DEBUG: endRenderEncoding - encoder set to NULL
===== MGLswapBuffers finished =====

DEBUG: glfwSwapBuffers returned
DEBUG: SwapScreenBuffer returned to EndDrawing
DEBUG: *** mglClear called with mask=0x4100 ***
DEBUG: *** clear_bitmask set to 0x4100 ***
DEBUG: rlGetShaderIdDefault() returning 1 (RLGL.State.defaultShaderId = 1)
DEBUG: mglBindVertexArray: array=1, ptr=0x618000024c80, old_vao=0x0
DEBUG: mglBindVertexArray: array=0, ptr=0x0, old_vao=0x618000024c80
DEBUG: mglUniformMatrix4fv:762: mglUniformMatrix4fv: location=0, count=1, transpose=0
DEBUG: mglUniformMatrix4fv:768:   Matrix[0]: [0.003 0.000 0.000 0.000] [0.000 -0.003 0.000 0.000] [0.000 0.000 -2.000 0.000] [-1.000 1.000 -1.000 1.000]
DEBUG: checkUniformParams:266: checkUniformParams: location=0, ptr=0x61d0000f2880
DEBUG: checkUniformParams:291:   OK
DEBUG: mglBindVertexArray: array=1, ptr=0x618000024c80, old_vao=0x0
DEBUG: checkUniformParams:266: checkUniformParams: location=-1, ptr=0x61d0000f2880
DEBUG: checkUniformParams:273:   location < 0, silently ignoring
DEBUG: checkUniformParams:266: checkUniformParams: location=-1, ptr=0x61d0000f2880
DEBUG: checkUniformParams:273:   location < 0, silently ignoring
DEBUG: mglDrawElements:192: mglDrawElements: mode=4, count=12, type=5125, indices=0x0
DEBUG: mtlDrawElements called, count=12, VAO=0x618000024c80, program=2
DEBUG: DIRTY_STATE with clear_bitmask and no encoder - creating new encoder
DEBUG: newRenderEncoder called from:
  0   libmgl.dylib                        0x0000000103d71b0c -[MGLRenderer newRenderEncoder] + 392
  1   libmgl.dylib                        0x0000000103d8841c -[MGLRenderer processGLState:] + 5520
  2   libmgl.dylib                        0x0000000103d9dd5c -[MGLRenderer mtlDrawElements:mode:count:type:indices:] + 1736
  3   libmgl.dylib                        0x0000000103d9e860 mtlDrawElements + 300
  4   libmgl.dylib                        0x0000000103ae527c mglDrawElements + 1952
DEBUG: endRenderEncoding - encoder was already NULL
DEBUG: Checking clear: bitmask=0x4100, frameWasCleared=0
DEBUG: Will apply clear settings
DEBUG: Setting loadAction=Clear, clearColor=(0.90,0.22,0.16,1.00) [FRAME CLEAR]
DEBUG: Clearing clear_bitmask after applying clear settings
DEBUG: Creating render encoder, loadAction=2, texture=0x616000051680
DEBUG: updateCurrentRenderEncoder: depth_test=0, stencil_test=0, blend=1
DEBUG: Setting viewport from ctx=0x62d000014400: x=0, y=0, width=1280, height=1280
DEBUG: bindVertexBuffersToCurrentRenderEncoder: count=4
  Buffer 0: size=64, offset=0
    Vertex data (first 9 floats): 0.00 0.00 0.00, 0.00 0.00 -0.00, 0.00 0.00 0.00
  Buffer 1: size=393216, offset=0
  Buffer 2: size=262144, offset=0
  Buffer 3: size=131072, offset=0
DEBUG: Plain uniform count for stage 0: 1
DEBUG:   Plain uniform[0]: location=0, binding=0, buf=0x608000057da0
DEBUG:     Added to buffer_map at index 0, Metal buffer index=0
DEBUG: Vertex buffer map after mapping: count=4
  [0] buf=0x608000057da0, attribute_mask=0x0, buffer_base_index=0
  [1] buf=0x608000050fa0, attribute_mask=0x1, buffer_base_index=0
  [2] buf=0x608000051020, attribute_mask=0x2, buffer_base_index=0
  [3] buf=0x608000051120, attribute_mask=0x4, buffer_base_index=0
DEBUG: Plain uniform count for stage 4: 0
DEBUG: DIRTY_VAO but encoder exists, rebinding buffers on existing encoder
DEBUG: bindVertexBuffersToCurrentRenderEncoder: count=4
  Buffer 0: size=64, offset=0
    Vertex data (first 9 floats): 0.00 0.00 0.00, 0.00 0.00 -0.00, 0.00 0.00 0.00
  Buffer 1: size=393216, offset=0
  Buffer 2: size=262144, offset=0
  Buffer 3: size=131072, offset=0
DEBUG: processGLState - looking up pipeline with key=0x61e1e3ce43a880 (program=2, VAO=0x618000024c80, FBO=0x0)
DEBUG: Pipeline cache HIT - reusing existing pipeline for program 2
DEBUG: mtlDrawElements processGLState returned 1, pipeline=0x61f0000c5c80
DEBUG: mtlDrawElements calling Metal drawIndexedPrimitives, count=12, offset=0
DEBUG: mtlDrawElements Metal draw complete
DEBUG: mglBindVertexArray: array=0, ptr=0x0, old_vao=0x618000024c80
DEBUG: ===== EndDrawing CALLED =====
DEBUG: mglBindVertexArray: array=1, ptr=0x618000024c80, old_vao=0x0
DEBUG: mglBindVertexArray: array=0, ptr=0x0, old_vao=0x618000024c80
DEBUG: mglUniformMatrix4fv:762: mglUniformMatrix4fv: location=0, count=1, transpose=0
DEBUG: mglUniformMatrix4fv:768:   Matrix[0]: [0.003 0.000 0.000 0.000] [0.000 -0.003 0.000 0.000] [0.000 0.000 -2.000 0.000] [-1.000 1.000 -1.000 1.000]
DEBUG: checkUniformParams:266: checkUniformParams: location=0, ptr=0x61d0000eba80
DEBUG: checkUniformParams:291:   OK
DEBUG: mglBindVertexArray: array=1, ptr=0x618000024c80, old_vao=0x0
DEBUG: checkUniformParams:266: checkUniformParams: location=1, ptr=0x61d0000eba80
DEBUG: checkUniformParams:291:   OK
DEBUG: checkUniformParams:266: checkUniformParams: location=-1, ptr=0x61d0000eba80
DEBUG: checkUniformParams:273:   location < 0, silently ignoring
DEBUG: mglDrawElements:192: mglDrawElements: mode=4, count=30, type=5125, indices=0x0
DEBUG: mtlDrawElements called, count=30, VAO=0x618000024c80, program=1
DEBUG: Plain uniform count for stage 0: 1
DEBUG:   Plain uniform[0]: location=0, binding=0, buf=0x608000057da0
DEBUG:     Added to buffer_map at index 0, Metal buffer index=0
DEBUG: Vertex buffer map after mapping: count=4
  [0] buf=0x608000057da0, attribute_mask=0x0, buffer_base_index=0
  [1] buf=0x608000050fa0, attribute_mask=0x1, buffer_base_index=0
  [2] buf=0x608000051020, attribute_mask=0x2, buffer_base_index=0
  [3] buf=0x608000051120, attribute_mask=0x4, buffer_base_index=0
DEBUG: Plain uniform count for stage 4: 1
DEBUG:   Plain uniform[0]: location=1, binding=0, buf=0x608000058a20
DEBUG:     Added to buffer_map at index 0, Metal buffer index=0
DEBUG: DIRTY_VAO but encoder exists, rebinding buffers on existing encoder
DEBUG: bindVertexBuffersToCurrentRenderEncoder: count=4
  Buffer 0: size=64, offset=0
    Vertex data (first 9 floats): 0.00 0.00 0.00, 0.00 0.00 -0.00, 0.00 0.00 0.00
  Buffer 1: size=393216, offset=0
  Buffer 2: size=262144, offset=0
  Buffer 3: size=131072, offset=0
DEBUG: processGLState - looking up pipeline with key=0x61e1e3ce423a80 (program=1, VAO=0x618000024c80, FBO=0x0)
DEBUG: Pipeline cache HIT - reusing existing pipeline for program 1
DEBUG: mtlDrawElements processGLState returned 1, pipeline=0x61f000091480
DEBUG: mtlDrawElements calling Metal drawIndexedPrimitives, count=30, offset=0
DEBUG: mtlDrawElements Metal draw complete
DEBUG: mglBindVertexArray: array=0, ptr=0x0, old_vao=0x618000024c80
DEBUG: About to call SwapScreenBuffer from EndDrawing
DEBUG: SwapScreenBuffer called (raylib)

===== MGLswapBuffers called from application =====
DEBUG: endRenderEncoding - ending encoder 0x60d00007b1c0
DEBUG: endRenderEncoding - encoder set to NULL
===== MGLswapBuffers finished =====

DEBUG: glfwSwapBuffers returned
DEBUG: SwapScreenBuffer returned to EndDrawing
DEBUG: *** mglClear called with mask=0x4100 ***
DEBUG: *** clear_bitmask set to 0x4100 ***
DEBUG: rlGetShaderIdDefault() returning 1 (RLGL.State.defaultShaderId = 1)
DEBUG: mglBindVertexArray: array=1, ptr=0x618000024c80, old_vao=0x0
DEBUG: mglBindVertexArray: array=0, ptr=0x0, old_vao=0x618000024c80
DEBUG: mglUniformMatrix4fv:762: mglUniformMatrix4fv: location=0, count=1, transpose=0
DEBUG: mglUniformMatrix4fv:768:   Matrix[0]: [0.003 0.000 0.000 0.000] [0.000 -0.003 0.000 0.000] [0.000 0.000 -2.000 0.000] [-1.000 1.000 -1.000 1.000]
DEBUG: checkUniformParams:266: checkUniformParams: location=0, ptr=0x61d0000f2880
DEBUG: checkUniformParams:291:   OK
DEBUG: mglBindVertexArray: array=1, ptr=0x618000024c80, old_vao=0x0
DEBUG: checkUniformParams:266: checkUniformParams: location=-1, ptr=0x61d0000f2880
DEBUG: checkUniformParams:273:   location < 0, silently ignoring
DEBUG: checkUniformParams:266: checkUniformParams: location=-1, ptr=0x61d0000f2880
DEBUG: checkUniformParams:273:   location < 0, silently ignoring
DEBUG: mglDrawElements:192: mglDrawElements: mode=4, count=12, type=5125, indices=0x0
DEBUG: mtlDrawElements called, count=12, VAO=0x618000024c80, program=2
DEBUG: DIRTY_STATE with clear_bitmask and no encoder - creating new encoder
DEBUG: newRenderEncoder called from:
  0   libmgl.dylib                        0x0000000103d71b0c -[MGLRenderer newRenderEncoder] + 392
  1   libmgl.dylib                        0x0000000103d8841c -[MGLRenderer processGLState:] + 5520
  2   libmgl.dylib                        0x0000000103d9dd5c -[MGLRenderer mtlDrawElements:mode:count:type:indices:] + 1736
  3   libmgl.dylib                        0x0000000103d9e860 mtlDrawElements + 300
  4   libmgl.dylib                        0x0000000103ae527c mglDrawElements + 1952
DEBUG: endRenderEncoding - encoder was already NULL
DEBUG: Checking clear: bitmask=0x4100, frameWasCleared=0
DEBUG: Will apply clear settings
DEBUG: Setting loadAction=Clear, clearColor=(0.90,0.22,0.16,1.00) [FRAME CLEAR]
DEBUG: Clearing clear_bitmask after applying clear settings
DEBUG: Creating render encoder, loadAction=2, texture=0x616000051c80
DEBUG: updateCurrentRenderEncoder: depth_test=0, stencil_test=0, blend=1
DEBUG: Setting viewport from ctx=0x62d000014400: x=0, y=0, width=1280, height=1280
DEBUG: bindVertexBuffersToCurrentRenderEncoder: count=4
  Buffer 0: size=64, offset=0
    Vertex data (first 9 floats): 0.00 0.00 0.00, 0.00 0.00 -0.00, 0.00 0.00 0.00
  Buffer 1: size=393216, offset=0
  Buffer 2: size=262144, offset=0
  Buffer 3: size=131072, offset=0
DEBUG: Plain uniform count for stage 0: 1
DEBUG:   Plain uniform[0]: location=0, binding=0, buf=0x608000057da0
DEBUG:     Added to buffer_map at index 0, Metal buffer index=0
DEBUG: Vertex buffer map after mapping: count=4
  [0] buf=0x608000057da0, attribute_mask=0x0, buffer_base_index=0
  [1] buf=0x608000050fa0, attribute_mask=0x1, buffer_base_index=0
  [2] buf=0x608000051020, attribute_mask=0x2, buffer_base_index=0
  [3] buf=0x608000051120, attribute_mask=0x4, buffer_base_index=0
DEBUG: Plain uniform count for stage 4: 0
DEBUG: DIRTY_VAO but encoder exists, rebinding buffers on existing encoder
DEBUG: bindVertexBuffersToCurrentRenderEncoder: count=4
  Buffer 0: size=64, offset=0
    Vertex data (first 9 floats): 0.00 0.00 0.00, 0.00 0.00 -0.00, 0.00 0.00 0.00
  Buffer 1: size=393216, offset=0
  Buffer 2: size=262144, offset=0
  Buffer 3: size=131072, offset=0
DEBUG: processGLState - looking up pipeline with key=0x61e1e3ce43a880 (program=2, VAO=0x618000024c80, FBO=0x0)
DEBUG: Pipeline cache HIT - reusing existing pipeline for program 2
DEBUG: mtlDrawElements processGLState returned 1, pipeline=0x61f0000c5c80
DEBUG: mtlDrawElements calling Metal drawIndexedPrimitives, count=12, offset=0
DEBUG: mtlDrawElements Metal draw complete
DEBUG: mglBindVertexArray: array=0, ptr=0x0, old_vao=0x618000024c80
DEBUG: ===== EndDrawing CALLED =====
DEBUG: mglBindVertexArray: array=1, ptr=0x618000024c80, old_vao=0x0
DEBUG: mglBindVertexArray: array=0, ptr=0x0, old_vao=0x618000024c80
DEBUG: mglUniformMatrix4fv:762: mglUniformMatrix4fv: location=0, count=1, transpose=0
DEBUG: mglUniformMatrix4fv:768:   Matrix[0]: [0.003 0.000 0.000 0.000] [0.000 -0.003 0.000 0.000] [0.000 0.000 -2.000 0.000] [-1.000 1.000 -1.000 1.000]
DEBUG: checkUniformParams:266: checkUniformParams: location=0, ptr=0x61d0000eba80
DEBUG: checkUniformParams:291:   OK
DEBUG: mglBindVertexArray: array=1, ptr=0x618000024c80, old_vao=0x0
DEBUG: checkUniformParams:266: checkUniformParams: location=1, ptr=0x61d0000eba80
DEBUG: checkUniformParams:291:   OK
DEBUG: checkUniformParams:266: checkUniformParams: location=-1, ptr=0x61d0000eba80
DEBUG: checkUniformParams:273:   location < 0, silently ignoring
DEBUG: mglDrawElements:192: mglDrawElements: mode=4, count=30, type=5125, indices=0x0
DEBUG: mtlDrawElements called, count=30, VAO=0x618000024c80, program=1
DEBUG: Plain uniform count for stage 0: 1
DEBUG:   Plain uniform[0]: location=0, binding=0, buf=0x608000057da0
DEBUG:     Added to buffer_map at index 0, Metal buffer index=0
DEBUG: Vertex buffer map after mapping: count=4
  [0] buf=0x608000057da0, attribute_mask=0x0, buffer_base_index=0
  [1] buf=0x608000050fa0, attribute_mask=0x1, buffer_base_index=0
  [2] buf=0x608000051020, attribute_mask=0x2, buffer_base_index=0
  [3] buf=0x608000051120, attribute_mask=0x4, buffer_base_index=0
DEBUG: Plain uniform count for stage 4: 1
DEBUG:   Plain uniform[0]: location=1, binding=0, buf=0x608000058a20
DEBUG:     Added to buffer_map at index 0, Metal buffer index=0
DEBUG: DIRTY_VAO but encoder exists, rebinding buffers on existing encoder
DEBUG: bindVertexBuffersToCurrentRenderEncoder: count=4
  Buffer 0: size=64, offset=0
    Vertex data (first 9 floats): 0.00 0.00 0.00, 0.00 0.00 -0.00, 0.00 0.00 0.00
  Buffer 1: size=393216, offset=0
  Buffer 2: size=262144, offset=0
  Buffer 3: size=131072, offset=0
DEBUG: processGLState - looking up pipeline with key=0x61e1e3ce423a80 (program=1, VAO=0x618000024c80, FBO=0x0)
DEBUG: Pipeline cache HIT - reusing existing pipeline for program 1
DEBUG: mtlDrawElements processGLState returned 1, pipeline=0x61f000091480
DEBUG: mtlDrawElements calling Metal drawIndexedPrimitives, count=30, offset=0
DEBUG: mtlDrawElements Metal draw complete
DEBUG: mglBindVertexArray: array=0, ptr=0x0, old_vao=0x618000024c80
DEBUG: About to call SwapScreenBuffer from EndDrawing
DEBUG: SwapScreenBuffer called (raylib)

===== MGLswapBuffers called from application =====
DEBUG: endRenderEncoding - ending encoder 0x60d00007b290
DEBUG: endRenderEncoding - encoder set to NULL
===== MGLswapBuffers finished =====

DEBUG: glfwSwapBuffers returned
DEBUG: SwapScreenBuffer returned to EndDrawing
DEBUG: *** mglClear called with mask=0x4100 ***
DEBUG: *** clear_bitmask set to 0x4100 ***
DEBUG: rlGetShaderIdDefault() returning 1 (RLGL.State.defaultShaderId = 1)
DEBUG: mglBindVertexArray: array=1, ptr=0x618000024c80, old_vao=0x0
DEBUG: mglBindVertexArray: array=0, ptr=0x0, old_vao=0x618000024c80
DEBUG: mglUniformMatrix4fv:762: mglUniformMatrix4fv: location=0, count=1, transpose=0
DEBUG: mglUniformMatrix4fv:768:   Matrix[0]: [0.003 0.000 0.000 0.000] [0.000 -0.003 0.000 0.000] [0.000 0.000 -2.000 0.000] [-1.000 1.000 -1.000 1.000]
DEBUG: checkUniformParams:266: checkUniformParams: location=0, ptr=0x61d0000f2880
DEBUG: checkUniformParams:291:   OK
DEBUG: mglBindVertexArray: array=1, ptr=0x618000024c80, old_vao=0x0
DEBUG: checkUniformParams:266: checkUniformParams: location=-1, ptr=0x61d0000f2880
DEBUG: checkUniformParams:273:   location < 0, silently ignoring
DEBUG: checkUniformParams:266: checkUniformParams: location=-1, ptr=0x61d0000f2880
DEBUG: checkUniformParams:273:   location < 0, silently ignoring
DEBUG: mglDrawElements:192: mglDrawElements: mode=4, count=12, type=5125, indices=0x0
DEBUG: mtlDrawElements called, count=12, VAO=0x618000024c80, program=2
DEBUG: DIRTY_STATE with clear_bitmask and no encoder - creating new encoder
DEBUG: newRenderEncoder called from:
  0   libmgl.dylib                        0x0000000103d71b0c -[MGLRenderer newRenderEncoder] + 392
  1   libmgl.dylib                        0x0000000103d8841c -[MGLRenderer processGLState:] + 5520
  2   libmgl.dylib                        0x0000000103d9dd5c -[MGLRenderer mtlDrawElements:mode:count:type:indices:] + 1736
  3   libmgl.dylib                        0x0000000103d9e860 mtlDrawElements + 300
  4   libmgl.dylib                        0x0000000103ae527c mglDrawElements + 1952
DEBUG: endRenderEncoding - encoder was already NULL
DEBUG: Checking clear: bitmask=0x4100, frameWasCleared=0
DEBUG: Will apply clear settings
DEBUG: Setting loadAction=Clear, clearColor=(0.90,0.22,0.16,1.00) [FRAME CLEAR]
DEBUG: Clearing clear_bitmask after applying clear settings
DEBUG: Creating render encoder, loadAction=2, texture=0x61600005c780
DEBUG: updateCurrentRenderEncoder: depth_test=0, stencil_test=0, blend=1
DEBUG: Setting viewport from ctx=0x62d000014400: x=0, y=0, width=1280, height=1280
DEBUG: bindVertexBuffersToCurrentRenderEncoder: count=4
  Buffer 0: size=64, offset=0
    Vertex data (first 9 floats): 0.00 0.00 0.00, 0.00 0.00 -0.00, 0.00 0.00 0.00
  Buffer 1: size=393216, offset=0
  Buffer 2: size=262144, offset=0
  Buffer 3: size=131072, offset=0
DEBUG: Plain uniform count for stage 0: 1
DEBUG:   Plain uniform[0]: location=0, binding=0, buf=0x608000057da0
DEBUG:     Added to buffer_map at index 0, Metal buffer index=0
DEBUG: Vertex buffer map after mapping: count=4
  [0] buf=0x608000057da0, attribute_mask=0x0, buffer_base_index=0
  [1] buf=0x608000050fa0, attribute_mask=0x1, buffer_base_index=0
  [2] buf=0x608000051020, attribute_mask=0x2, buffer_base_index=0
  [3] buf=0x608000051120, attribute_mask=0x4, buffer_base_index=0
DEBUG: Plain uniform count for stage 4: 0
DEBUG: DIRTY_VAO but encoder exists, rebinding buffers on existing encoder
DEBUG: bindVertexBuffersToCurrentRenderEncoder: count=4
  Buffer 0: size=64, offset=0
    Vertex data (first 9 floats): 0.00 0.00 0.00, 0.00 0.00 -0.00, 0.00 0.00 0.00
  Buffer 1: size=393216, offset=0
  Buffer 2: size=262144, offset=0
  Buffer 3: size=131072, offset=0
DEBUG: processGLState - looking up pipeline with key=0x61e1e3ce43a880 (program=2, VAO=0x618000024c80, FBO=0x0)
DEBUG: Pipeline cache HIT - reusing existing pipeline for program 2
DEBUG: mtlDrawElements processGLState returned 1, pipeline=0x61f0000c5c80
DEBUG: mtlDrawElements calling Metal drawIndexedPrimitives, count=12, offset=0
DEBUG: mtlDrawElements Metal draw complete
DEBUG: mglBindVertexArray: array=0, ptr=0x0, old_vao=0x618000024c80
DEBUG: ===== EndDrawing CALLED =====
DEBUG: mglBindVertexArray: array=1, ptr=0x618000024c80, old_vao=0x0
DEBUG: mglBindVertexArray: array=0, ptr=0x0, old_vao=0x618000024c80
DEBUG: mglUniformMatrix4fv:762: mglUniformMatrix4fv: location=0, count=1, transpose=0
DEBUG: mglUniformMatrix4fv:768:   Matrix[0]: [0.003 0.000 0.000 0.000] [0.000 -0.003 0.000 0.000] [0.000 0.000 -2.000 0.000] [-1.000 1.000 -1.000 1.000]
DEBUG: checkUniformParams:266: checkUniformParams: location=0, ptr=0x61d0000eba80
DEBUG: checkUniformParams:291:   OK
DEBUG: mglBindVertexArray: array=1, ptr=0x618000024c80, old_vao=0x0
DEBUG: checkUniformParams:266: checkUniformParams: location=1, ptr=0x61d0000eba80
DEBUG: checkUniformParams:291:   OK
DEBUG: checkUniformParams:266: checkUniformParams: location=-1, ptr=0x61d0000eba80
DEBUG: checkUniformParams:273:   location < 0, silently ignoring
DEBUG: mglDrawElements:192: mglDrawElements: mode=4, count=30, type=5125, indices=0x0
DEBUG: mtlDrawElements called, count=30, VAO=0x618000024c80, program=1
DEBUG: Plain uniform count for stage 0: 1
DEBUG:   Plain uniform[0]: location=0, binding=0, buf=0x608000057da0
DEBUG:     Added to buffer_map at index 0, Metal buffer index=0
DEBUG: Vertex buffer map after mapping: count=4
  [0] buf=0x608000057da0, attribute_mask=0x0, buffer_base_index=0
  [1] buf=0x608000050fa0, attribute_mask=0x1, buffer_base_index=0
  [2] buf=0x608000051020, attribute_mask=0x2, buffer_base_index=0
  [3] buf=0x608000051120, attribute_mask=0x4, buffer_base_index=0
DEBUG: Plain uniform count for stage 4: 1
DEBUG:   Plain uniform[0]: location=1, binding=0, buf=0x608000058a20
DEBUG:     Added to buffer_map at index 0, Metal buffer index=0
DEBUG: DIRTY_VAO but encoder exists, rebinding buffers on existing encoder
DEBUG: bindVertexBuffersToCurrentRenderEncoder: count=4
  Buffer 0: size=64, offset=0
    Vertex data (first 9 floats): 0.00 0.00 0.00, 0.00 0.00 -0.00, 0.00 0.00 0.00
  Buffer 1: size=393216, offset=0
  Buffer 2: size=262144, offset=0
  Buffer 3: size=131072, offset=0
DEBUG: processGLState - looking up pipeline with key=0x61e1e3ce423a80 (program=1, VAO=0x618000024c80, FBO=0x0)
DEBUG: Pipeline cache HIT - reusing existing pipeline for program 1
DEBUG: mtlDrawElements processGLState returned 1, pipeline=0x61f000091480
DEBUG: mtlDrawElements calling Metal drawIndexedPrimitives, count=30, offset=0
DEBUG: mtlDrawElements Metal draw complete
DEBUG: mglBindVertexArray: array=0, ptr=0x0, old_vao=0x618000024c80
DEBUG: About to call SwapScreenBuffer from EndDrawing
DEBUG: SwapScreenBuffer called (raylib)

===== MGLswapBuffers called from application =====
DEBUG: endRenderEncoding - ending encoder 0x60d00007b360
DEBUG: endRenderEncoding - encoder set to NULL
===== MGLswapBuffers finished =====

DEBUG: glfwSwapBuffers returned
DEBUG: SwapScreenBuffer returned to EndDrawing
DEBUG: *** mglClear called with mask=0x4100 ***
DEBUG: *** clear_bitmask set to 0x4100 ***
DEBUG: rlGetShaderIdDefault() returning 1 (RLGL.State.defaultShaderId = 1)
DEBUG: mglBindVertexArray: array=1, ptr=0x618000024c80, old_vao=0x0
DEBUG: mglBindVertexArray: array=0, ptr=0x0, old_vao=0x618000024c80
DEBUG: mglUniformMatrix4fv:762: mglUniformMatrix4fv: location=0, count=1, transpose=0
DEBUG: mglUniformMatrix4fv:768:   Matrix[0]: [0.003 0.000 0.000 0.000] [0.000 -0.003 0.000 0.000] [0.000 0.000 -2.000 0.000] [-1.000 1.000 -1.000 1.000]
DEBUG: checkUniformParams:266: checkUniformParams: location=0, ptr=0x61d0000f2880
DEBUG: checkUniformParams:291:   OK
DEBUG: mglBindVertexArray: array=1, ptr=0x618000024c80, old_vao=0x0
DEBUG: checkUniformParams:266: checkUniformParams: location=-1, ptr=0x61d0000f2880
DEBUG: checkUniformParams:273:   location < 0, silently ignoring
DEBUG: checkUniformParams:266: checkUniformParams: location=-1, ptr=0x61d0000f2880
DEBUG: checkUniformParams:273:   location < 0, silently ignoring
DEBUG: mglDrawElements:192: mglDrawElements: mode=4, count=12, type=5125, indices=0x0
DEBUG: mtlDrawElements called, count=12, VAO=0x618000024c80, program=2
DEBUG: DIRTY_STATE with clear_bitmask and no encoder - creating new encoder
DEBUG: newRenderEncoder called from:
  0   libmgl.dylib                        0x0000000103d71b0c -[MGLRenderer newRenderEncoder] + 392
  1   libmgl.dylib                        0x0000000103d8841c -[MGLRenderer processGLState:] + 5520
  2   libmgl.dylib                        0x0000000103d9dd5c -[MGLRenderer mtlDrawElements:mode:count:type:indices:] + 1736
  3   libmgl.dylib                        0x0000000103d9e860 mtlDrawElements + 300
  4   libmgl.dylib                        0x0000000103ae527c mglDrawElements + 1952
DEBUG: endRenderEncoding - encoder was already NULL
DEBUG: Checking clear: bitmask=0x4100, frameWasCleared=0
DEBUG: Will apply clear settings
DEBUG: Setting loadAction=Clear, clearColor=(0.90,0.22,0.16,1.00) [FRAME CLEAR]
DEBUG: Clearing clear_bitmask after applying clear settings
DEBUG: Creating render encoder, loadAction=2, texture=0x616000051680
DEBUG: updateCurrentRenderEncoder: depth_test=0, stencil_test=0, blend=1
DEBUG: Setting viewport from ctx=0x62d000014400: x=0, y=0, width=1280, height=1280
DEBUG: bindVertexBuffersToCurrentRenderEncoder: count=4
  Buffer 0: size=64, offset=0
    Vertex data (first 9 floats): 0.00 0.00 0.00, 0.00 0.00 -0.00, 0.00 0.00 0.00
  Buffer 1: size=393216, offset=0
  Buffer 2: size=262144, offset=0
  Buffer 3: size=131072, offset=0
DEBUG: Plain uniform count for stage 0: 1
DEBUG:   Plain uniform[0]: location=0, binding=0, buf=0x608000057da0
DEBUG:     Added to buffer_map at index 0, Metal buffer index=0
DEBUG: Vertex buffer map after mapping: count=4
  [0] buf=0x608000057da0, attribute_mask=0x0, buffer_base_index=0
  [1] buf=0x608000050fa0, attribute_mask=0x1, buffer_base_index=0
  [2] buf=0x608000051020, attribute_mask=0x2, buffer_base_index=0
  [3] buf=0x608000051120, attribute_mask=0x4, buffer_base_index=0
DEBUG: Plain uniform count for stage 4: 0
DEBUG: DIRTY_VAO but encoder exists, rebinding buffers on existing encoder
DEBUG: bindVertexBuffersToCurrentRenderEncoder: count=4
  Buffer 0: size=64, offset=0
    Vertex data (first 9 floats): 0.00 0.00 0.00, 0.00 0.00 -0.00, 0.00 0.00 0.00
  Buffer 1: size=393216, offset=0
  Buffer 2: size=262144, offset=0
  Buffer 3: size=131072, offset=0
DEBUG: processGLState - looking up pipeline with key=0x61e1e3ce43a880 (program=2, VAO=0x618000024c80, FBO=0x0)
DEBUG: Pipeline cache HIT - reusing existing pipeline for program 2
DEBUG: mtlDrawElements processGLState returned 1, pipeline=0x61f0000c5c80
DEBUG: mtlDrawElements calling Metal drawIndexedPrimitives, count=12, offset=0
DEBUG: mtlDrawElements Metal draw complete
DEBUG: mglBindVertexArray: array=0, ptr=0x0, old_vao=0x618000024c80
DEBUG: ===== EndDrawing CALLED =====
DEBUG: mglBindVertexArray: array=1, ptr=0x618000024c80, old_vao=0x0
DEBUG: mglBindVertexArray: array=0, ptr=0x0, old_vao=0x618000024c80
DEBUG: mglUniformMatrix4fv:762: mglUniformMatrix4fv: location=0, count=1, transpose=0
DEBUG: mglUniformMatrix4fv:768:   Matrix[0]: [0.003 0.000 0.000 0.000] [0.000 -0.003 0.000 0.000] [0.000 0.000 -2.000 0.000] [-1.000 1.000 -1.000 1.000]
DEBUG: checkUniformParams:266: checkUniformParams: location=0, ptr=0x61d0000eba80
DEBUG: checkUniformParams:291:   OK
DEBUG: mglBindVertexArray: array=1, ptr=0x618000024c80, old_vao=0x0
DEBUG: checkUniformParams:266: checkUniformParams: location=1, ptr=0x61d0000eba80
DEBUG: checkUniformParams:291:   OK
DEBUG: checkUniformParams:266: checkUniformParams: location=-1, ptr=0x61d0000eba80
DEBUG: checkUniformParams:273:   location < 0, silently ignoring
DEBUG: mglDrawElements:192: mglDrawElements: mode=4, count=30, type=5125, indices=0x0
DEBUG: mtlDrawElements called, count=30, VAO=0x618000024c80, program=1
DEBUG: Plain uniform count for stage 0: 1
DEBUG:   Plain uniform[0]: location=0, binding=0, buf=0x608000057da0
DEBUG:     Added to buffer_map at index 0, Metal buffer index=0
DEBUG: Vertex buffer map after mapping: count=4
  [0] buf=0x608000057da0, attribute_mask=0x0, buffer_base_index=0
  [1] buf=0x608000050fa0, attribute_mask=0x1, buffer_base_index=0
  [2] buf=0x608000051020, attribute_mask=0x2, buffer_base_index=0
  [3] buf=0x608000051120, attribute_mask=0x4, buffer_base_index=0
DEBUG: Plain uniform count for stage 4: 1
DEBUG:   Plain uniform[0]: location=1, binding=0, buf=0x608000058a20
DEBUG:     Added to buffer_map at index 0, Metal buffer index=0
DEBUG: DIRTY_VAO but encoder exists, rebinding buffers on existing encoder
DEBUG: bindVertexBuffersToCurrentRenderEncoder: count=4
  Buffer 0: size=64, offset=0
    Vertex data (first 9 floats): 0.00 0.00 0.00, 0.00 0.00 -0.00, 0.00 0.00 0.00
  Buffer 1: size=393216, offset=0
  Buffer 2: size=262144, offset=0
  Buffer 3: size=131072, offset=0
DEBUG: processGLState - looking up pipeline with key=0x61e1e3ce423a80 (program=1, VAO=0x618000024c80, FBO=0x0)
DEBUG: Pipeline cache HIT - reusing existing pipeline for program 1
DEBUG: mtlDrawElements processGLState returned 1, pipeline=0x61f000091480
DEBUG: mtlDrawElements calling Metal drawIndexedPrimitives, count=30, offset=0
DEBUG: mtlDrawElements Metal draw complete
DEBUG: mglBindVertexArray: array=0, ptr=0x0, old_vao=0x618000024c80
DEBUG: About to call SwapScreenBuffer from EndDrawing
DEBUG: SwapScreenBuffer called (raylib)

===== MGLswapBuffers called from application =====
DEBUG: endRenderEncoding - ending encoder 0x60d00007b430
DEBUG: endRenderEncoding - encoder set to NULL
===== MGLswapBuffers finished =====

DEBUG: glfwSwapBuffers returned
DEBUG: SwapScreenBuffer returned to EndDrawing
DEBUG: *** mglClear called with mask=0x4100 ***
DEBUG: *** clear_bitmask set to 0x4100 ***
DEBUG: rlGetShaderIdDefault() returning 1 (RLGL.State.defaultShaderId = 1)
DEBUG: mglBindVertexArray: array=1, ptr=0x618000024c80, old_vao=0x0
DEBUG: mglBindVertexArray: array=0, ptr=0x0, old_vao=0x618000024c80
DEBUG: mglUniformMatrix4fv:762: mglUniformMatrix4fv: location=0, count=1, transpose=0
DEBUG: mglUniformMatrix4fv:768:   Matrix[0]: [0.003 0.000 0.000 0.000] [0.000 -0.003 0.000 0.000] [0.000 0.000 -2.000 0.000] [-1.000 1.000 -1.000 1.000]
DEBUG: checkUniformParams:266: checkUniformParams: location=0, ptr=0x61d0000f2880
DEBUG: checkUniformParams:291:   OK
DEBUG: mglBindVertexArray: array=1, ptr=0x618000024c80, old_vao=0x0
DEBUG: checkUniformParams:266: checkUniformParams: location=-1, ptr=0x61d0000f2880
DEBUG: checkUniformParams:273:   location < 0, silently ignoring
DEBUG: checkUniformParams:266: checkUniformParams: location=-1, ptr=0x61d0000f2880
DEBUG: checkUniformParams:273:   location < 0, silently ignoring
DEBUG: mglDrawElements:192: mglDrawElements: mode=4, count=12, type=5125, indices=0x0
DEBUG: mtlDrawElements called, count=12, VAO=0x618000024c80, program=2
DEBUG: DIRTY_STATE with clear_bitmask and no encoder - creating new encoder
DEBUG: newRenderEncoder called from:
  0   libmgl.dylib                        0x0000000103d71b0c -[MGLRenderer newRenderEncoder] + 392
  1   libmgl.dylib                        0x0000000103d8841c -[MGLRenderer processGLState:] + 5520
  2   libmgl.dylib                        0x0000000103d9dd5c -[MGLRenderer mtlDrawElements:mode:count:type:indices:] + 1736
  3   libmgl.dylib                        0x0000000103d9e860 mtlDrawElements + 300
  4   libmgl.dylib                        0x0000000103ae527c mglDrawElements + 1952
DEBUG: endRenderEncoding - encoder was already NULL
DEBUG: Checking clear: bitmask=0x4100, frameWasCleared=0
DEBUG: Will apply clear settings
DEBUG: Setting loadAction=Clear, clearColor=(0.90,0.22,0.16,1.00) [FRAME CLEAR]
DEBUG: Clearing clear_bitmask after applying clear settings
DEBUG: Creating render encoder, loadAction=2, texture=0x616000051c80
DEBUG: updateCurrentRenderEncoder: depth_test=0, stencil_test=0, blend=1
DEBUG: Setting viewport from ctx=0x62d000014400: x=0, y=0, width=1280, height=1280
DEBUG: bindVertexBuffersToCurrentRenderEncoder: count=4
  Buffer 0: size=64, offset=0
    Vertex data (first 9 floats): 0.00 0.00 0.00, 0.00 0.00 -0.00, 0.00 0.00 0.00
  Buffer 1: size=393216, offset=0
  Buffer 2: size=262144, offset=0
  Buffer 3: size=131072, offset=0
DEBUG: Plain uniform count for stage 0: 1
DEBUG:   Plain uniform[0]: location=0, binding=0, buf=0x608000057da0
DEBUG:     Added to buffer_map at index 0, Metal buffer index=0
DEBUG: Vertex buffer map after mapping: count=4
  [0] buf=0x608000057da0, attribute_mask=0x0, buffer_base_index=0
  [1] buf=0x608000050fa0, attribute_mask=0x1, buffer_base_index=0
  [2] buf=0x608000051020, attribute_mask=0x2, buffer_base_index=0
  [3] buf=0x608000051120, attribute_mask=0x4, buffer_base_index=0
DEBUG: Plain uniform count for stage 4: 0
DEBUG: DIRTY_VAO but encoder exists, rebinding buffers on existing encoder
DEBUG: bindVertexBuffersToCurrentRenderEncoder: count=4
  Buffer 0: size=64, offset=0
    Vertex data (first 9 floats): 0.00 0.00 0.00, 0.00 0.00 -0.00, 0.00 0.00 0.00
  Buffer 1: size=393216, offset=0
  Buffer 2: size=262144, offset=0
  Buffer 3: size=131072, offset=0
DEBUG: processGLState - looking up pipeline with key=0x61e1e3ce43a880 (program=2, VAO=0x618000024c80, FBO=0x0)
DEBUG: Pipeline cache HIT - reusing existing pipeline for program 2
DEBUG: mtlDrawElements processGLState returned 1, pipeline=0x61f0000c5c80
DEBUG: mtlDrawElements calling Metal drawIndexedPrimitives, count=12, offset=0
DEBUG: mtlDrawElements Metal draw complete
DEBUG: mglBindVertexArray: array=0, ptr=0x0, old_vao=0x618000024c80
DEBUG: ===== EndDrawing CALLED =====
DEBUG: mglBindVertexArray: array=1, ptr=0x618000024c80, old_vao=0x0
DEBUG: mglBindVertexArray: array=0, ptr=0x0, old_vao=0x618000024c80
DEBUG: mglUniformMatrix4fv:762: mglUniformMatrix4fv: location=0, count=1, transpose=0
DEBUG: mglUniformMatrix4fv:768:   Matrix[0]: [0.003 0.000 0.000 0.000] [0.000 -0.003 0.000 0.000] [0.000 0.000 -2.000 0.000] [-1.000 1.000 -1.000 1.000]
DEBUG: checkUniformParams:266: checkUniformParams: location=0, ptr=0x61d0000eba80
DEBUG: checkUniformParams:291:   OK
DEBUG: mglBindVertexArray: array=1, ptr=0x618000024c80, old_vao=0x0
DEBUG: checkUniformParams:266: checkUniformParams: location=1, ptr=0x61d0000eba80
DEBUG: checkUniformParams:291:   OK
DEBUG: checkUniformParams:266: checkUniformParams: location=-1, ptr=0x61d0000eba80
DEBUG: checkUniformParams:273:   location < 0, silently ignoring
DEBUG: mglDrawElements:192: mglDrawElements: mode=4, count=30, type=5125, indices=0x0
DEBUG: mtlDrawElements called, count=30, VAO=0x618000024c80, program=1
DEBUG: Plain uniform count for stage 0: 1
DEBUG:   Plain uniform[0]: location=0, binding=0, buf=0x608000057da0
DEBUG:     Added to buffer_map at index 0, Metal buffer index=0
DEBUG: Vertex buffer map after mapping: count=4
  [0] buf=0x608000057da0, attribute_mask=0x0, buffer_base_index=0
  [1] buf=0x608000050fa0, attribute_mask=0x1, buffer_base_index=0
  [2] buf=0x608000051020, attribute_mask=0x2, buffer_base_index=0
  [3] buf=0x608000051120, attribute_mask=0x4, buffer_base_index=0
DEBUG: Plain uniform count for stage 4: 1
DEBUG:   Plain uniform[0]: location=1, binding=0, buf=0x608000058a20
DEBUG:     Added to buffer_map at index 0, Metal buffer index=0
DEBUG: DIRTY_VAO but encoder exists, rebinding buffers on existing encoder
DEBUG: bindVertexBuffersToCurrentRenderEncoder: count=4
  Buffer 0: size=64, offset=0
    Vertex data (first 9 floats): 0.00 0.00 0.00, 0.00 0.00 -0.00, 0.00 0.00 0.00
  Buffer 1: size=393216, offset=0
  Buffer 2: size=262144, offset=0
  Buffer 3: size=131072, offset=0
DEBUG: processGLState - looking up pipeline with key=0x61e1e3ce423a80 (program=1, VAO=0x618000024c80, FBO=0x0)
DEBUG: Pipeline cache HIT - reusing existing pipeline for program 1
DEBUG: mtlDrawElements processGLState returned 1, pipeline=0x61f000091480
DEBUG: mtlDrawElements calling Metal drawIndexedPrimitives, count=30, offset=0
DEBUG: mtlDrawElements Metal draw complete
DEBUG: mglBindVertexArray: array=0, ptr=0x0, old_vao=0x618000024c80
DEBUG: About to call SwapScreenBuffer from EndDrawing
DEBUG: SwapScreenBuffer called (raylib)

===== MGLswapBuffers called from application =====
DEBUG: endRenderEncoding - ending encoder 0x60d00007b500
DEBUG: endRenderEncoding - encoder set to NULL
===== MGLswapBuffers finished =====

DEBUG: glfwSwapBuffers returned
DEBUG: SwapScreenBuffer returned to EndDrawing
DEBUG: *** mglClear called with mask=0x4100 ***
DEBUG: *** clear_bitmask set to 0x4100 ***
DEBUG: rlGetShaderIdDefault() returning 1 (RLGL.State.defaultShaderId = 1)
DEBUG: mglBindVertexArray: array=1, ptr=0x618000024c80, old_vao=0x0
DEBUG: mglBindVertexArray: array=0, ptr=0x0, old_vao=0x618000024c80
DEBUG: mglUniformMatrix4fv:762: mglUniformMatrix4fv: location=0, count=1, transpose=0
DEBUG: mglUniformMatrix4fv:768:   Matrix[0]: [0.003 0.000 0.000 0.000] [0.000 -0.003 0.000 0.000] [0.000 0.000 -2.000 0.000] [-1.000 1.000 -1.000 1.000]
DEBUG: checkUniformParams:266: checkUniformParams: location=0, ptr=0x61d0000f2880
DEBUG: checkUniformParams:291:   OK
DEBUG: mglBindVertexArray: array=1, ptr=0x618000024c80, old_vao=0x0
DEBUG: checkUniformParams:266: checkUniformParams: location=-1, ptr=0x61d0000f2880
DEBUG: checkUniformParams:273:   location < 0, silently ignoring
DEBUG: checkUniformParams:266: checkUniformParams: location=-1, ptr=0x61d0000f2880
DEBUG: checkUniformParams:273:   location < 0, silently ignoring
DEBUG: mglDrawElements:192: mglDrawElements: mode=4, count=12, type=5125, indices=0x0
DEBUG: mtlDrawElements called, count=12, VAO=0x618000024c80, program=2
DEBUG: DIRTY_STATE with clear_bitmask and no encoder - creating new encoder
DEBUG: newRenderEncoder called from:
  0   libmgl.dylib                        0x0000000103d71b0c -[MGLRenderer newRenderEncoder] + 392
  1   libmgl.dylib                        0x0000000103d8841c -[MGLRenderer processGLState:] + 5520
  2   libmgl.dylib                        0x0000000103d9dd5c -[MGLRenderer mtlDrawElements:mode:count:type:indices:] + 1736
  3   libmgl.dylib                        0x0000000103d9e860 mtlDrawElements + 300
  4   libmgl.dylib                        0x0000000103ae527c mglDrawElements + 1952
DEBUG: endRenderEncoding - encoder was already NULL
DEBUG: Checking clear: bitmask=0x4100, frameWasCleared=0
DEBUG: Will apply clear settings
DEBUG: Setting loadAction=Clear, clearColor=(0.90,0.22,0.16,1.00) [FRAME CLEAR]
DEBUG: Clearing clear_bitmask after applying clear settings
DEBUG: Creating render encoder, loadAction=2, texture=0x61600005c780
DEBUG: updateCurrentRenderEncoder: depth_test=0, stencil_test=0, blend=1
DEBUG: Setting viewport from ctx=0x62d000014400: x=0, y=0, width=1280, height=1280
DEBUG: bindVertexBuffersToCurrentRenderEncoder: count=4
  Buffer 0: size=64, offset=0
    Vertex data (first 9 floats): 0.00 0.00 0.00, 0.00 0.00 -0.00, 0.00 0.00 0.00
  Buffer 1: size=393216, offset=0
  Buffer 2: size=262144, offset=0
  Buffer 3: size=131072, offset=0
DEBUG: Plain uniform count for stage 0: 1
DEBUG:   Plain uniform[0]: location=0, binding=0, buf=0x608000057da0
DEBUG:     Added to buffer_map at index 0, Metal buffer index=0
DEBUG: Vertex buffer map after mapping: count=4
  [0] buf=0x608000057da0, attribute_mask=0x0, buffer_base_index=0
  [1] buf=0x608000050fa0, attribute_mask=0x1, buffer_base_index=0
  [2] buf=0x608000051020, attribute_mask=0x2, buffer_base_index=0
  [3] buf=0x608000051120, attribute_mask=0x4, buffer_base_index=0
DEBUG: Plain uniform count for stage 4: 0
DEBUG: DIRTY_VAO but encoder exists, rebinding buffers on existing encoder
DEBUG: bindVertexBuffersToCurrentRenderEncoder: count=4
  Buffer 0: size=64, offset=0
    Vertex data (first 9 floats): 0.00 0.00 0.00, 0.00 0.00 -0.00, 0.00 0.00 0.00
  Buffer 1: size=393216, offset=0
  Buffer 2: size=262144, offset=0
  Buffer 3: size=131072, offset=0
DEBUG: processGLState - looking up pipeline with key=0x61e1e3ce43a880 (program=2, VAO=0x618000024c80, FBO=0x0)
DEBUG: Pipeline cache HIT - reusing existing pipeline for program 2
DEBUG: mtlDrawElements processGLState returned 1, pipeline=0x61f0000c5c80
DEBUG: mtlDrawElements calling Metal drawIndexedPrimitives, count=12, offset=0
DEBUG: mtlDrawElements Metal draw complete
DEBUG: mglBindVertexArray: array=0, ptr=0x0, old_vao=0x618000024c80
DEBUG: ===== EndDrawing CALLED =====
DEBUG: mglBindVertexArray: array=1, ptr=0x618000024c80, old_vao=0x0
DEBUG: mglBindVertexArray: array=0, ptr=0x0, old_vao=0x618000024c80
DEBUG: mglUniformMatrix4fv:762: mglUniformMatrix4fv: location=0, count=1, transpose=0
DEBUG: mglUniformMatrix4fv:768:   Matrix[0]: [0.003 0.000 0.000 0.000] [0.000 -0.003 0.000 0.000] [0.000 0.000 -2.000 0.000] [-1.000 1.000 -1.000 1.000]
DEBUG: checkUniformParams:266: checkUniformParams: location=0, ptr=0x61d0000eba80
DEBUG: checkUniformParams:291:   OK
DEBUG: mglBindVertexArray: array=1, ptr=0x618000024c80, old_vao=0x0
DEBUG: checkUniformParams:266: checkUniformParams: location=1, ptr=0x61d0000eba80
DEBUG: checkUniformParams:291:   OK
DEBUG: checkUniformParams:266: checkUniformParams: location=-1, ptr=0x61d0000eba80
DEBUG: checkUniformParams:273:   location < 0, silently ignoring
DEBUG: mglDrawElements:192: mglDrawElements: mode=4, count=30, type=5125, indices=0x0
DEBUG: mtlDrawElements called, count=30, VAO=0x618000024c80, program=1
DEBUG: Plain uniform count for stage 0: 1
DEBUG:   Plain uniform[0]: location=0, binding=0, buf=0x608000057da0
DEBUG:     Added to buffer_map at index 0, Metal buffer index=0
DEBUG: Vertex buffer map after mapping: count=4
  [0] buf=0x608000057da0, attribute_mask=0x0, buffer_base_index=0
  [1] buf=0x608000050fa0, attribute_mask=0x1, buffer_base_index=0
  [2] buf=0x608000051020, attribute_mask=0x2, buffer_base_index=0
  [3] buf=0x608000051120, attribute_mask=0x4, buffer_base_index=0
DEBUG: Plain uniform count for stage 4: 1
DEBUG:   Plain uniform[0]: location=1, binding=0, buf=0x608000058a20
DEBUG:     Added to buffer_map at index 0, Metal buffer index=0
DEBUG: DIRTY_VAO but encoder exists, rebinding buffers on existing encoder
DEBUG: bindVertexBuffersToCurrentRenderEncoder: count=4
  Buffer 0: size=64, offset=0
    Vertex data (first 9 floats): 0.00 0.00 0.00, 0.00 0.00 -0.00, 0.00 0.00 0.00
  Buffer 1: size=393216, offset=0
  Buffer 2: size=262144, offset=0
  Buffer 3: size=131072, offset=0
DEBUG: processGLState - looking up pipeline with key=0x61e1e3ce423a80 (program=1, VAO=0x618000024c80, FBO=0x0)
DEBUG: Pipeline cache HIT - reusing existing pipeline for program 1
DEBUG: mtlDrawElements processGLState returned 1, pipeline=0x61f000091480
DEBUG: mtlDrawElements calling Metal drawIndexedPrimitives, count=30, offset=0
DEBUG: mtlDrawElements Metal draw complete
DEBUG: mglBindVertexArray: array=0, ptr=0x0, old_vao=0x618000024c80
DEBUG: About to call SwapScreenBuffer from EndDrawing
DEBUG: SwapScreenBuffer called (raylib)

===== MGLswapBuffers called from application =====
DEBUG: endRenderEncoding - ending encoder 0x60d00007b5d0
DEBUG: endRenderEncoding - encoder set to NULL
===== MGLswapBuffers finished =====

DEBUG: glfwSwapBuffers returned
DEBUG: SwapScreenBuffer returned to EndDrawing
DEBUG: *** mglClear called with mask=0x4100 ***
DEBUG: *** clear_bitmask set to 0x4100 ***
DEBUG: rlGetShaderIdDefault() returning 1 (RLGL.State.defaultShaderId = 1)
DEBUG: mglBindVertexArray: array=1, ptr=0x618000024c80, old_vao=0x0
DEBUG: mglBindVertexArray: array=0, ptr=0x0, old_vao=0x618000024c80
DEBUG: mglUniformMatrix4fv:762: mglUniformMatrix4fv: location=0, count=1, transpose=0
DEBUG: mglUniformMatrix4fv:768:   Matrix[0]: [0.003 0.000 0.000 0.000] [0.000 -0.003 0.000 0.000] [0.000 0.000 -2.000 0.000] [-1.000 1.000 -1.000 1.000]
DEBUG: checkUniformParams:266: checkUniformParams: location=0, ptr=0x61d0000f2880
DEBUG: checkUniformParams:291:   OK
DEBUG: mglBindVertexArray: array=1, ptr=0x618000024c80, old_vao=0x0
DEBUG: checkUniformParams:266: checkUniformParams: location=-1, ptr=0x61d0000f2880
DEBUG: checkUniformParams:273:   location < 0, silently ignoring
DEBUG: checkUniformParams:266: checkUniformParams: location=-1, ptr=0x61d0000f2880
DEBUG: checkUniformParams:273:   location < 0, silently ignoring
DEBUG: mglDrawElements:192: mglDrawElements: mode=4, count=12, type=5125, indices=0x0
DEBUG: mtlDrawElements called, count=12, VAO=0x618000024c80, program=2
DEBUG: DIRTY_STATE with clear_bitmask and no encoder - creating new encoder
DEBUG: newRenderEncoder called from:
  0   libmgl.dylib                        0x0000000103d71b0c -[MGLRenderer newRenderEncoder] + 392
  1   libmgl.dylib                        0x0000000103d8841c -[MGLRenderer processGLState:] + 5520
  2   libmgl.dylib                        0x0000000103d9dd5c -[MGLRenderer mtlDrawElements:mode:count:type:indices:] + 1736
  3   libmgl.dylib                        0x0000000103d9e860 mtlDrawElements + 300
  4   libmgl.dylib                        0x0000000103ae527c mglDrawElements + 1952
DEBUG: endRenderEncoding - encoder was already NULL
DEBUG: Checking clear: bitmask=0x4100, frameWasCleared=0
DEBUG: Will apply clear settings
DEBUG: Setting loadAction=Clear, clearColor=(0.90,0.22,0.16,1.00) [FRAME CLEAR]
DEBUG: Clearing clear_bitmask after applying clear settings
DEBUG: Creating render encoder, loadAction=2, texture=0x616000051680
DEBUG: updateCurrentRenderEncoder: depth_test=0, stencil_test=0, blend=1
DEBUG: Setting viewport from ctx=0x62d000014400: x=0, y=0, width=1280, height=1280
DEBUG: bindVertexBuffersToCurrentRenderEncoder: count=4
  Buffer 0: size=64, offset=0
    Vertex data (first 9 floats): 0.00 0.00 0.00, 0.00 0.00 -0.00, 0.00 0.00 0.00
  Buffer 1: size=393216, offset=0
  Buffer 2: size=262144, offset=0
  Buffer 3: size=131072, offset=0
DEBUG: Plain uniform count for stage 0: 1
DEBUG:   Plain uniform[0]: location=0, binding=0, buf=0x608000057da0
DEBUG:     Added to buffer_map at index 0, Metal buffer index=0
DEBUG: Vertex buffer map after mapping: count=4
  [0] buf=0x608000057da0, attribute_mask=0x0, buffer_base_index=0
  [1] buf=0x608000050fa0, attribute_mask=0x1, buffer_base_index=0
  [2] buf=0x608000051020, attribute_mask=0x2, buffer_base_index=0
  [3] buf=0x608000051120, attribute_mask=0x4, buffer_base_index=0
DEBUG: Plain uniform count for stage 4: 0
DEBUG: DIRTY_VAO but encoder exists, rebinding buffers on existing encoder
DEBUG: bindVertexBuffersToCurrentRenderEncoder: count=4
  Buffer 0: size=64, offset=0
    Vertex data (first 9 floats): 0.00 0.00 0.00, 0.00 0.00 -0.00, 0.00 0.00 0.00
  Buffer 1: size=393216, offset=0
  Buffer 2: size=262144, offset=0
  Buffer 3: size=131072, offset=0
DEBUG: processGLState - looking up pipeline with key=0x61e1e3ce43a880 (program=2, VAO=0x618000024c80, FBO=0x0)
DEBUG: Pipeline cache HIT - reusing existing pipeline for program 2
DEBUG: mtlDrawElements processGLState returned 1, pipeline=0x61f0000c5c80
DEBUG: mtlDrawElements calling Metal drawIndexedPrimitives, count=12, offset=0
DEBUG: mtlDrawElements Metal draw complete
DEBUG: mglBindVertexArray: array=0, ptr=0x0, old_vao=0x618000024c80
DEBUG: ===== EndDrawing CALLED =====
DEBUG: mglBindVertexArray: array=1, ptr=0x618000024c80, old_vao=0x0
DEBUG: mglBindVertexArray: array=0, ptr=0x0, old_vao=0x618000024c80
DEBUG: mglUniformMatrix4fv:762: mglUniformMatrix4fv: location=0, count=1, transpose=0
DEBUG: mglUniformMatrix4fv:768:   Matrix[0]: [0.003 0.000 0.000 0.000] [0.000 -0.003 0.000 0.000] [0.000 0.000 -2.000 0.000] [-1.000 1.000 -1.000 1.000]
DEBUG: checkUniformParams:266: checkUniformParams: location=0, ptr=0x61d0000eba80
DEBUG: checkUniformParams:291:   OK
DEBUG: mglBindVertexArray: array=1, ptr=0x618000024c80, old_vao=0x0
DEBUG: checkUniformParams:266: checkUniformParams: location=1, ptr=0x61d0000eba80
DEBUG: checkUniformParams:291:   OK
DEBUG: checkUniformParams:266: checkUniformParams: location=-1, ptr=0x61d0000eba80
DEBUG: checkUniformParams:273:   location < 0, silently ignoring
DEBUG: mglDrawElements:192: mglDrawElements: mode=4, count=30, type=5125, indices=0x0
DEBUG: mtlDrawElements called, count=30, VAO=0x618000024c80, program=1
DEBUG: Plain uniform count for stage 0: 1
DEBUG:   Plain uniform[0]: location=0, binding=0, buf=0x608000057da0
DEBUG:     Added to buffer_map at index 0, Metal buffer index=0
DEBUG: Vertex buffer map after mapping: count=4
  [0] buf=0x608000057da0, attribute_mask=0x0, buffer_base_index=0
  [1] buf=0x608000050fa0, attribute_mask=0x1, buffer_base_index=0
  [2] buf=0x608000051020, attribute_mask=0x2, buffer_base_index=0
  [3] buf=0x608000051120, attribute_mask=0x4, buffer_base_index=0
DEBUG: Plain uniform count for stage 4: 1
DEBUG:   Plain uniform[0]: location=1, binding=0, buf=0x608000058a20
DEBUG:     Added to buffer_map at index 0, Metal buffer index=0
DEBUG: DIRTY_VAO but encoder exists, rebinding buffers on existing encoder
DEBUG: bindVertexBuffersToCurrentRenderEncoder: count=4
  Buffer 0: size=64, offset=0
    Vertex data (first 9 floats): 0.00 0.00 0.00, 0.00 0.00 -0.00, 0.00 0.00 0.00
  Buffer 1: size=393216, offset=0
  Buffer 2: size=262144, offset=0
  Buffer 3: size=131072, offset=0
DEBUG: processGLState - looking up pipeline with key=0x61e1e3ce423a80 (program=1, VAO=0x618000024c80, FBO=0x0)
DEBUG: Pipeline cache HIT - reusing existing pipeline for program 1
DEBUG: mtlDrawElements processGLState returned 1, pipeline=0x61f000091480
DEBUG: mtlDrawElements calling Metal drawIndexedPrimitives, count=30, offset=0
DEBUG: mtlDrawElements Metal draw complete
DEBUG: mglBindVertexArray: array=0, ptr=0x0, old_vao=0x618000024c80
DEBUG: About to call SwapScreenBuffer from EndDrawing
DEBUG: SwapScreenBuffer called (raylib)

===== MGLswapBuffers called from application =====
DEBUG: endRenderEncoding - ending encoder 0x60d00007b6a0
DEBUG: endRenderEncoding - encoder set to NULL
===== MGLswapBuffers finished =====

DEBUG: glfwSwapBuffers returned
DEBUG: SwapScreenBuffer returned to EndDrawing
DEBUG: *** mglClear called with mask=0x4100 ***
DEBUG: *** clear_bitmask set to 0x4100 ***
DEBUG: rlGetShaderIdDefault() returning 1 (RLGL.State.defaultShaderId = 1)
DEBUG: mglBindVertexArray: array=1, ptr=0x618000024c80, old_vao=0x0
DEBUG: mglBindVertexArray: array=0, ptr=0x0, old_vao=0x618000024c80
DEBUG: mglUniformMatrix4fv:762: mglUniformMatrix4fv: location=0, count=1, transpose=0
DEBUG: mglUniformMatrix4fv:768:   Matrix[0]: [0.003 0.000 0.000 0.000] [0.000 -0.003 0.000 0.000] [0.000 0.000 -2.000 0.000] [-1.000 1.000 -1.000 1.000]
DEBUG: checkUniformParams:266: checkUniformParams: location=0, ptr=0x61d0000f2880
DEBUG: checkUniformParams:291:   OK
DEBUG: mglBindVertexArray: array=1, ptr=0x618000024c80, old_vao=0x0
DEBUG: checkUniformParams:266: checkUniformParams: location=-1, ptr=0x61d0000f2880
DEBUG: checkUniformParams:273:   location < 0, silently ignoring
DEBUG: checkUniformParams:266: checkUniformParams: location=-1, ptr=0x61d0000f2880
DEBUG: checkUniformParams:273:   location < 0, silently ignoring
DEBUG: mglDrawElements:192: mglDrawElements: mode=4, count=12, type=5125, indices=0x0
DEBUG: mtlDrawElements called, count=12, VAO=0x618000024c80, program=2
DEBUG: DIRTY_STATE with clear_bitmask and no encoder - creating new encoder
DEBUG: newRenderEncoder called from:
  0   libmgl.dylib                        0x0000000103d71b0c -[MGLRenderer newRenderEncoder] + 392
  1   libmgl.dylib                        0x0000000103d8841c -[MGLRenderer processGLState:] + 5520
  2   libmgl.dylib                        0x0000000103d9dd5c -[MGLRenderer mtlDrawElements:mode:count:type:indices:] + 1736
  3   libmgl.dylib                        0x0000000103d9e860 mtlDrawElements + 300
  4   libmgl.dylib                        0x0000000103ae527c mglDrawElements + 1952
DEBUG: endRenderEncoding - encoder was already NULL
DEBUG: Checking clear: bitmask=0x4100, frameWasCleared=0
DEBUG: Will apply clear settings
DEBUG: Setting loadAction=Clear, clearColor=(0.90,0.22,0.16,1.00) [FRAME CLEAR]
DEBUG: Clearing clear_bitmask after applying clear settings
DEBUG: Creating render encoder, loadAction=2, texture=0x616000051c80
DEBUG: updateCurrentRenderEncoder: depth_test=0, stencil_test=0, blend=1
DEBUG: Setting viewport from ctx=0x62d000014400: x=0, y=0, width=1280, height=1280
DEBUG: bindVertexBuffersToCurrentRenderEncoder: count=4
  Buffer 0: size=64, offset=0
    Vertex data (first 9 floats): 0.00 0.00 0.00, 0.00 0.00 -0.00, 0.00 0.00 0.00
  Buffer 1: size=393216, offset=0
  Buffer 2: size=262144, offset=0
  Buffer 3: size=131072, offset=0
DEBUG: Plain uniform count for stage 0: 1
DEBUG:   Plain uniform[0]: location=0, binding=0, buf=0x608000057da0
DEBUG:     Added to buffer_map at index 0, Metal buffer index=0
DEBUG: Vertex buffer map after mapping: count=4
  [0] buf=0x608000057da0, attribute_mask=0x0, buffer_base_index=0
  [1] buf=0x608000050fa0, attribute_mask=0x1, buffer_base_index=0
  [2] buf=0x608000051020, attribute_mask=0x2, buffer_base_index=0
  [3] buf=0x608000051120, attribute_mask=0x4, buffer_base_index=0
DEBUG: Plain uniform count for stage 4: 0
DEBUG: DIRTY_VAO but encoder exists, rebinding buffers on existing encoder
DEBUG: bindVertexBuffersToCurrentRenderEncoder: count=4
  Buffer 0: size=64, offset=0
    Vertex data (first 9 floats): 0.00 0.00 0.00, 0.00 0.00 -0.00, 0.00 0.00 0.00
  Buffer 1: size=393216, offset=0
  Buffer 2: size=262144, offset=0
  Buffer 3: size=131072, offset=0
DEBUG: processGLState - looking up pipeline with key=0x61e1e3ce43a880 (program=2, VAO=0x618000024c80, FBO=0x0)
DEBUG: Pipeline cache HIT - reusing existing pipeline for program 2
DEBUG: mtlDrawElements processGLState returned 1, pipeline=0x61f0000c5c80
DEBUG: mtlDrawElements calling Metal drawIndexedPrimitives, count=12, offset=0
DEBUG: mtlDrawElements Metal draw complete
DEBUG: mglBindVertexArray: array=0, ptr=0x0, old_vao=0x618000024c80
DEBUG: ===== EndDrawing CALLED =====
DEBUG: mglBindVertexArray: array=1, ptr=0x618000024c80, old_vao=0x0
DEBUG: mglBindVertexArray: array=0, ptr=0x0, old_vao=0x618000024c80
DEBUG: mglUniformMatrix4fv:762: mglUniformMatrix4fv: location=0, count=1, transpose=0
DEBUG: mglUniformMatrix4fv:768:   Matrix[0]: [0.003 0.000 0.000 0.000] [0.000 -0.003 0.000 0.000] [0.000 0.000 -2.000 0.000] [-1.000 1.000 -1.000 1.000]
DEBUG: checkUniformParams:266: checkUniformParams: location=0, ptr=0x61d0000eba80
DEBUG: checkUniformParams:291:   OK
DEBUG: mglBindVertexArray: array=1, ptr=0x618000024c80, old_vao=0x0
DEBUG: checkUniformParams:266: checkUniformParams: location=1, ptr=0x61d0000eba80
DEBUG: checkUniformParams:291:   OK
DEBUG: checkUniformParams:266: checkUniformParams: location=-1, ptr=0x61d0000eba80
DEBUG: checkUniformParams:273:   location < 0, silently ignoring
DEBUG: mglDrawElements:192: mglDrawElements: mode=4, count=30, type=5125, indices=0x0
DEBUG: mtlDrawElements called, count=30, VAO=0x618000024c80, program=1
DEBUG: Plain uniform count for stage 0: 1
DEBUG:   Plain uniform[0]: location=0, binding=0, buf=0x608000057da0
DEBUG:     Added to buffer_map at index 0, Metal buffer index=0
DEBUG: Vertex buffer map after mapping: count=4
  [0] buf=0x608000057da0, attribute_mask=0x0, buffer_base_index=0
  [1] buf=0x608000050fa0, attribute_mask=0x1, buffer_base_index=0
  [2] buf=0x608000051020, attribute_mask=0x2, buffer_base_index=0
  [3] buf=0x608000051120, attribute_mask=0x4, buffer_base_index=0
DEBUG: Plain uniform count for stage 4: 1
DEBUG:   Plain uniform[0]: location=1, binding=0, buf=0x608000058a20
DEBUG:     Added to buffer_map at index 0, Metal buffer index=0
DEBUG: DIRTY_VAO but encoder exists, rebinding buffers on existing encoder
DEBUG: bindVertexBuffersToCurrentRenderEncoder: count=4
  Buffer 0: size=64, offset=0
    Vertex data (first 9 floats): 0.00 0.00 0.00, 0.00 0.00 -0.00, 0.00 0.00 0.00
  Buffer 1: size=393216, offset=0
  Buffer 2: size=262144, offset=0
  Buffer 3: size=131072, offset=0
DEBUG: processGLState - looking up pipeline with key=0x61e1e3ce423a80 (program=1, VAO=0x618000024c80, FBO=0x0)
DEBUG: Pipeline cache HIT - reusing existing pipeline for program 1
DEBUG: mtlDrawElements processGLState returned 1, pipeline=0x61f000091480
DEBUG: mtlDrawElements calling Metal drawIndexedPrimitives, count=30, offset=0
DEBUG: mtlDrawElements Metal draw complete
DEBUG: mglBindVertexArray: array=0, ptr=0x0, old_vao=0x618000024c80
DEBUG: About to call SwapScreenBuffer from EndDrawing
DEBUG: SwapScreenBuffer called (raylib)

===== MGLswapBuffers called from application =====
DEBUG: endRenderEncoding - ending encoder 0x60d00007b770
DEBUG: endRenderEncoding - encoder set to NULL
===== MGLswapBuffers finished =====

DEBUG: glfwSwapBuffers returned
DEBUG: SwapScreenBuffer returned to EndDrawing
DEBUG: *** mglClear called with mask=0x4100 ***
DEBUG: *** clear_bitmask set to 0x4100 ***
DEBUG: rlGetShaderIdDefault() returning 1 (RLGL.State.defaultShaderId = 1)
DEBUG: mglBindVertexArray: array=1, ptr=0x618000024c80, old_vao=0x0
DEBUG: mglBindVertexArray: array=0, ptr=0x0, old_vao=0x618000024c80
DEBUG: mglUniformMatrix4fv:762: mglUniformMatrix4fv: location=0, count=1, transpose=0
DEBUG: mglUniformMatrix4fv:768:   Matrix[0]: [0.003 0.000 0.000 0.000] [0.000 -0.003 0.000 0.000] [0.000 0.000 -2.000 0.000] [-1.000 1.000 -1.000 1.000]
DEBUG: checkUniformParams:266: checkUniformParams: location=0, ptr=0x61d0000f2880
DEBUG: checkUniformParams:291:   OK
DEBUG: mglBindVertexArray: array=1, ptr=0x618000024c80, old_vao=0x0
DEBUG: checkUniformParams:266: checkUniformParams: location=-1, ptr=0x61d0000f2880
DEBUG: checkUniformParams:273:   location < 0, silently ignoring
DEBUG: checkUniformParams:266: checkUniformParams: location=-1, ptr=0x61d0000f2880
DEBUG: checkUniformParams:273:   location < 0, silently ignoring
DEBUG: mglDrawElements:192: mglDrawElements: mode=4, count=12, type=5125, indices=0x0
DEBUG: mtlDrawElements called, count=12, VAO=0x618000024c80, program=2
DEBUG: DIRTY_STATE with clear_bitmask and no encoder - creating new encoder
DEBUG: newRenderEncoder called from:
  0   libmgl.dylib                        0x0000000103d71b0c -[MGLRenderer newRenderEncoder] + 392
  1   libmgl.dylib                        0x0000000103d8841c -[MGLRenderer processGLState:] + 5520
  2   libmgl.dylib                        0x0000000103d9dd5c -[MGLRenderer mtlDrawElements:mode:count:type:indices:] + 1736
  3   libmgl.dylib                        0x0000000103d9e860 mtlDrawElements + 300
  4   libmgl.dylib                        0x0000000103ae527c mglDrawElements + 1952
DEBUG: endRenderEncoding - encoder was already NULL
DEBUG: Checking clear: bitmask=0x4100, frameWasCleared=0
DEBUG: Will apply clear settings
DEBUG: Setting loadAction=Clear, clearColor=(0.90,0.22,0.16,1.00) [FRAME CLEAR]
DEBUG: Clearing clear_bitmask after applying clear settings
DEBUG: Creating render encoder, loadAction=2, texture=0x61600005c780
DEBUG: updateCurrentRenderEncoder: depth_test=0, stencil_test=0, blend=1
DEBUG: Setting viewport from ctx=0x62d000014400: x=0, y=0, width=1280, height=1280
DEBUG: bindVertexBuffersToCurrentRenderEncoder: count=4
  Buffer 0: size=64, offset=0
    Vertex data (first 9 floats): 0.00 0.00 0.00, 0.00 0.00 -0.00, 0.00 0.00 0.00
  Buffer 1: size=393216, offset=0
  Buffer 2: size=262144, offset=0
  Buffer 3: size=131072, offset=0
DEBUG: Plain uniform count for stage 0: 1
DEBUG:   Plain uniform[0]: location=0, binding=0, buf=0x608000057da0
DEBUG:     Added to buffer_map at index 0, Metal buffer index=0
DEBUG: Vertex buffer map after mapping: count=4
  [0] buf=0x608000057da0, attribute_mask=0x0, buffer_base_index=0
  [1] buf=0x608000050fa0, attribute_mask=0x1, buffer_base_index=0
  [2] buf=0x608000051020, attribute_mask=0x2, buffer_base_index=0
  [3] buf=0x608000051120, attribute_mask=0x4, buffer_base_index=0
DEBUG: Plain uniform count for stage 4: 0
DEBUG: DIRTY_VAO but encoder exists, rebinding buffers on existing encoder
DEBUG: bindVertexBuffersToCurrentRenderEncoder: count=4
  Buffer 0: size=64, offset=0
    Vertex data (first 9 floats): 0.00 0.00 0.00, 0.00 0.00 -0.00, 0.00 0.00 0.00
  Buffer 1: size=393216, offset=0
  Buffer 2: size=262144, offset=0
  Buffer 3: size=131072, offset=0
DEBUG: processGLState - looking up pipeline with key=0x61e1e3ce43a880 (program=2, VAO=0x618000024c80, FBO=0x0)
DEBUG: Pipeline cache HIT - reusing existing pipeline for program 2
DEBUG: mtlDrawElements processGLState returned 1, pipeline=0x61f0000c5c80
DEBUG: mtlDrawElements calling Metal drawIndexedPrimitives, count=12, offset=0
DEBUG: mtlDrawElements Metal draw complete
DEBUG: mglBindVertexArray: array=0, ptr=0x0, old_vao=0x618000024c80
DEBUG: ===== EndDrawing CALLED =====
DEBUG: mglBindVertexArray: array=1, ptr=0x618000024c80, old_vao=0x0
DEBUG: mglBindVertexArray: array=0, ptr=0x0, old_vao=0x618000024c80
DEBUG: mglUniformMatrix4fv:762: mglUniformMatrix4fv: location=0, count=1, transpose=0
DEBUG: mglUniformMatrix4fv:768:   Matrix[0]: [0.003 0.000 0.000 0.000] [0.000 -0.003 0.000 0.000] [0.000 0.000 -2.000 0.000] [-1.000 1.000 -1.000 1.000]
DEBUG: checkUniformParams:266: checkUniformParams: location=0, ptr=0x61d0000eba80
DEBUG: checkUniformParams:291:   OK
DEBUG: mglBindVertexArray: array=1, ptr=0x618000024c80, old_vao=0x0
DEBUG: checkUniformParams:266: checkUniformParams: location=1, ptr=0x61d0000eba80
DEBUG: checkUniformParams:291:   OK
DEBUG: checkUniformParams:266: checkUniformParams: location=-1, ptr=0x61d0000eba80
DEBUG: checkUniformParams:273:   location < 0, silently ignoring
DEBUG: mglDrawElements:192: mglDrawElements: mode=4, count=30, type=5125, indices=0x0
DEBUG: mtlDrawElements called, count=30, VAO=0x618000024c80, program=1
DEBUG: Plain uniform count for stage 0: 1
DEBUG:   Plain uniform[0]: location=0, binding=0, buf=0x608000057da0
DEBUG:     Added to buffer_map at index 0, Metal buffer index=0
DEBUG: Vertex buffer map after mapping: count=4
  [0] buf=0x608000057da0, attribute_mask=0x0, buffer_base_index=0
  [1] buf=0x608000050fa0, attribute_mask=0x1, buffer_base_index=0
  [2] buf=0x608000051020, attribute_mask=0x2, buffer_base_index=0
  [3] buf=0x608000051120, attribute_mask=0x4, buffer_base_index=0
DEBUG: Plain uniform count for stage 4: 1
DEBUG:   Plain uniform[0]: location=1, binding=0, buf=0x608000058a20
DEBUG:     Added to buffer_map at index 0, Metal buffer index=0
DEBUG: DIRTY_VAO but encoder exists, rebinding buffers on existing encoder
DEBUG: bindVertexBuffersToCurrentRenderEncoder: count=4
  Buffer 0: size=64, offset=0
    Vertex data (first 9 floats): 0.00 0.00 0.00, 0.00 0.00 -0.00, 0.00 0.00 0.00
  Buffer 1: size=393216, offset=0
  Buffer 2: size=262144, offset=0
  Buffer 3: size=131072, offset=0
DEBUG: processGLState - looking up pipeline with key=0x61e1e3ce423a80 (program=1, VAO=0x618000024c80, FBO=0x0)
DEBUG: Pipeline cache HIT - reusing existing pipeline for program 1
DEBUG: mtlDrawElements processGLState returned 1, pipeline=0x61f000091480
DEBUG: mtlDrawElements calling Metal drawIndexedPrimitives, count=30, offset=0
DEBUG: mtlDrawElements Metal draw complete
DEBUG: mglBindVertexArray: array=0, ptr=0x0, old_vao=0x618000024c80
DEBUG: About to call SwapScreenBuffer from EndDrawing
DEBUG: SwapScreenBuffer called (raylib)

===== MGLswapBuffers called from application =====
DEBUG: endRenderEncoding - ending encoder 0x60d00007b840
DEBUG: endRenderEncoding - encoder set to NULL
===== MGLswapBuffers finished =====

DEBUG: glfwSwapBuffers returned
DEBUG: SwapScreenBuffer returned to EndDrawing
DEBUG: *** mglClear called with mask=0x4100 ***
DEBUG: *** clear_bitmask set to 0x4100 ***
DEBUG: rlGetShaderIdDefault() returning 1 (RLGL.State.defaultShaderId = 1)
DEBUG: mglBindVertexArray: array=1, ptr=0x618000024c80, old_vao=0x0
DEBUG: mglBindVertexArray: array=0, ptr=0x0, old_vao=0x618000024c80
DEBUG: mglUniformMatrix4fv:762: mglUniformMatrix4fv: location=0, count=1, transpose=0
DEBUG: mglUniformMatrix4fv:768:   Matrix[0]: [0.003 0.000 0.000 0.000] [0.000 -0.003 0.000 0.000] [0.000 0.000 -2.000 0.000] [-1.000 1.000 -1.000 1.000]
DEBUG: checkUniformParams:266: checkUniformParams: location=0, ptr=0x61d0000f2880
DEBUG: checkUniformParams:291:   OK
DEBUG: mglBindVertexArray: array=1, ptr=0x618000024c80, old_vao=0x0
DEBUG: checkUniformParams:266: checkUniformParams: location=-1, ptr=0x61d0000f2880
DEBUG: checkUniformParams:273:   location < 0, silently ignoring
DEBUG: checkUniformParams:266: checkUniformParams: location=-1, ptr=0x61d0000f2880
DEBUG: checkUniformParams:273:   location < 0, silently ignoring
DEBUG: mglDrawElements:192: mglDrawElements: mode=4, count=12, type=5125, indices=0x0
DEBUG: mtlDrawElements called, count=12, VAO=0x618000024c80, program=2
DEBUG: DIRTY_STATE with clear_bitmask and no encoder - creating new encoder
DEBUG: newRenderEncoder called from:
  0   libmgl.dylib                        0x0000000103d71b0c -[MGLRenderer newRenderEncoder] + 392
  1   libmgl.dylib                        0x0000000103d8841c -[MGLRenderer processGLState:] + 5520
  2   libmgl.dylib                        0x0000000103d9dd5c -[MGLRenderer mtlDrawElements:mode:count:type:indices:] + 1736
  3   libmgl.dylib                        0x0000000103d9e860 mtlDrawElements + 300
  4   libmgl.dylib                        0x0000000103ae527c mglDrawElements + 1952
DEBUG: endRenderEncoding - encoder was already NULL
DEBUG: Checking clear: bitmask=0x4100, frameWasCleared=0
DEBUG: Will apply clear settings
DEBUG: Setting loadAction=Clear, clearColor=(0.90,0.22,0.16,1.00) [FRAME CLEAR]
DEBUG: Clearing clear_bitmask after applying clear settings
DEBUG: Creating render encoder, loadAction=2, texture=0x616000051680
DEBUG: updateCurrentRenderEncoder: depth_test=0, stencil_test=0, blend=1
DEBUG: Setting viewport from ctx=0x62d000014400: x=0, y=0, width=1280, height=1280
DEBUG: bindVertexBuffersToCurrentRenderEncoder: count=4
  Buffer 0: size=64, offset=0
    Vertex data (first 9 floats): 0.00 0.00 0.00, 0.00 0.00 -0.00, 0.00 0.00 0.00
  Buffer 1: size=393216, offset=0
  Buffer 2: size=262144, offset=0
  Buffer 3: size=131072, offset=0
DEBUG: Plain uniform count for stage 0: 1
DEBUG:   Plain uniform[0]: location=0, binding=0, buf=0x608000057da0
DEBUG:     Added to buffer_map at index 0, Metal buffer index=0
DEBUG: Vertex buffer map after mapping: count=4
  [0] buf=0x608000057da0, attribute_mask=0x0, buffer_base_index=0
  [1] buf=0x608000050fa0, attribute_mask=0x1, buffer_base_index=0
  [2] buf=0x608000051020, attribute_mask=0x2, buffer_base_index=0
  [3] buf=0x608000051120, attribute_mask=0x4, buffer_base_index=0
DEBUG: Plain uniform count for stage 4: 0
DEBUG: DIRTY_VAO but encoder exists, rebinding buffers on existing encoder
DEBUG: bindVertexBuffersToCurrentRenderEncoder: count=4
  Buffer 0: size=64, offset=0
    Vertex data (first 9 floats): 0.00 0.00 0.00, 0.00 0.00 -0.00, 0.00 0.00 0.00
  Buffer 1: size=393216, offset=0
  Buffer 2: size=262144, offset=0
  Buffer 3: size=131072, offset=0
DEBUG: processGLState - looking up pipeline with key=0x61e1e3ce43a880 (program=2, VAO=0x618000024c80, FBO=0x0)
DEBUG: Pipeline cache HIT - reusing existing pipeline for program 2
DEBUG: mtlDrawElements processGLState returned 1, pipeline=0x61f0000c5c80
DEBUG: mtlDrawElements calling Metal drawIndexedPrimitives, count=12, offset=0
DEBUG: mtlDrawElements Metal draw complete
DEBUG: mglBindVertexArray: array=0, ptr=0x0, old_vao=0x618000024c80
DEBUG: ===== EndDrawing CALLED =====
DEBUG: mglBindVertexArray: array=1, ptr=0x618000024c80, old_vao=0x0
DEBUG: mglBindVertexArray: array=0, ptr=0x0, old_vao=0x618000024c80
DEBUG: mglUniformMatrix4fv:762: mglUniformMatrix4fv: location=0, count=1, transpose=0
DEBUG: mglUniformMatrix4fv:768:   Matrix[0]: [0.003 0.000 0.000 0.000] [0.000 -0.003 0.000 0.000] [0.000 0.000 -2.000 0.000] [-1.000 1.000 -1.000 1.000]
DEBUG: checkUniformParams:266: checkUniformParams: location=0, ptr=0x61d0000eba80
DEBUG: checkUniformParams:291:   OK
DEBUG: mglBindVertexArray: array=1, ptr=0x618000024c80, old_vao=0x0
DEBUG: checkUniformParams:266: checkUniformParams: location=1, ptr=0x61d0000eba80
DEBUG: checkUniformParams:291:   OK
DEBUG: checkUniformParams:266: checkUniformParams: location=-1, ptr=0x61d0000eba80
DEBUG: checkUniformParams:273:   location < 0, silently ignoring
DEBUG: mglDrawElements:192: mglDrawElements: mode=4, count=30, type=5125, indices=0x0
DEBUG: mtlDrawElements called, count=30, VAO=0x618000024c80, program=1
DEBUG: Plain uniform count for stage 0: 1
DEBUG:   Plain uniform[0]: location=0, binding=0, buf=0x608000057da0
DEBUG:     Added to buffer_map at index 0, Metal buffer index=0
DEBUG: Vertex buffer map after mapping: count=4
  [0] buf=0x608000057da0, attribute_mask=0x0, buffer_base_index=0
  [1] buf=0x608000050fa0, attribute_mask=0x1, buffer_base_index=0
  [2] buf=0x608000051020, attribute_mask=0x2, buffer_base_index=0
  [3] buf=0x608000051120, attribute_mask=0x4, buffer_base_index=0
DEBUG: Plain uniform count for stage 4: 1
DEBUG:   Plain uniform[0]: location=1, binding=0, buf=0x608000058a20
DEBUG:     Added to buffer_map at index 0, Metal buffer index=0
DEBUG: DIRTY_VAO but encoder exists, rebinding buffers on existing encoder
DEBUG: bindVertexBuffersToCurrentRenderEncoder: count=4
  Buffer 0: size=64, offset=0
    Vertex data (first 9 floats): 0.00 0.00 0.00, 0.00 0.00 -0.00, 0.00 0.00 0.00
  Buffer 1: size=393216, offset=0
  Buffer 2: size=262144, offset=0
  Buffer 3: size=131072, offset=0
DEBUG: processGLState - looking up pipeline with key=0x61e1e3ce423a80 (program=1, VAO=0x618000024c80, FBO=0x0)
DEBUG: Pipeline cache HIT - reusing existing pipeline for program 1
DEBUG: mtlDrawElements processGLState returned 1, pipeline=0x61f000091480
DEBUG: mtlDrawElements calling Metal drawIndexedPrimitives, count=30, offset=0
DEBUG: mtlDrawElements Metal draw complete
DEBUG: mglBindVertexArray: array=0, ptr=0x0, old_vao=0x618000024c80
DEBUG: About to call SwapScreenBuffer from EndDrawing
DEBUG: SwapScreenBuffer called (raylib)

===== MGLswapBuffers called from application =====
DEBUG: endRenderEncoding - ending encoder 0x60d00007b910
DEBUG: endRenderEncoding - encoder set to NULL
===== MGLswapBuffers finished =====

DEBUG: glfwSwapBuffers returned
DEBUG: SwapScreenBuffer returned to EndDrawing
DEBUG: *** mglClear called with mask=0x4100 ***
DEBUG: *** clear_bitmask set to 0x4100 ***
DEBUG: rlGetShaderIdDefault() returning 1 (RLGL.State.defaultShaderId = 1)
DEBUG: mglBindVertexArray: array=1, ptr=0x618000024c80, old_vao=0x0
DEBUG: mglBindVertexArray: array=0, ptr=0x0, old_vao=0x618000024c80
DEBUG: mglUniformMatrix4fv:762: mglUniformMatrix4fv: location=0, count=1, transpose=0
DEBUG: mglUniformMatrix4fv:768:   Matrix[0]: [0.003 0.000 0.000 0.000] [0.000 -0.003 0.000 0.000] [0.000 0.000 -2.000 0.000] [-1.000 1.000 -1.000 1.000]
DEBUG: checkUniformParams:266: checkUniformParams: location=0, ptr=0x61d0000f2880
DEBUG: checkUniformParams:291:   OK
DEBUG: mglBindVertexArray: array=1, ptr=0x618000024c80, old_vao=0x0
DEBUG: checkUniformParams:266: checkUniformParams: location=-1, ptr=0x61d0000f2880
DEBUG: checkUniformParams:273:   location < 0, silently ignoring
DEBUG: checkUniformParams:266: checkUniformParams: location=-1, ptr=0x61d0000f2880
DEBUG: checkUniformParams:273:   location < 0, silently ignoring
DEBUG: mglDrawElements:192: mglDrawElements: mode=4, count=12, type=5125, indices=0x0
DEBUG: mtlDrawElements called, count=12, VAO=0x618000024c80, program=2
DEBUG: DIRTY_STATE with clear_bitmask and no encoder - creating new encoder
DEBUG: newRenderEncoder called from:
  0   libmgl.dylib                        0x0000000103d71b0c -[MGLRenderer newRenderEncoder] + 392
  1   libmgl.dylib                        0x0000000103d8841c -[MGLRenderer processGLState:] + 5520
  2   libmgl.dylib                        0x0000000103d9dd5c -[MGLRenderer mtlDrawElements:mode:count:type:indices:] + 1736
  3   libmgl.dylib                        0x0000000103d9e860 mtlDrawElements + 300
  4   libmgl.dylib                        0x0000000103ae527c mglDrawElements + 1952
DEBUG: endRenderEncoding - encoder was already NULL
DEBUG: Checking clear: bitmask=0x4100, frameWasCleared=0
DEBUG: Will apply clear settings
DEBUG: Setting loadAction=Clear, clearColor=(0.90,0.22,0.16,1.00) [FRAME CLEAR]
DEBUG: Clearing clear_bitmask after applying clear settings
DEBUG: Creating render encoder, loadAction=2, texture=0x616000051c80
DEBUG: updateCurrentRenderEncoder: depth_test=0, stencil_test=0, blend=1
DEBUG: Setting viewport from ctx=0x62d000014400: x=0, y=0, width=1280, height=1280
DEBUG: bindVertexBuffersToCurrentRenderEncoder: count=4
  Buffer 0: size=64, offset=0
    Vertex data (first 9 floats): 0.00 0.00 0.00, 0.00 0.00 -0.00, 0.00 0.00 0.00
  Buffer 1: size=393216, offset=0
  Buffer 2: size=262144, offset=0
  Buffer 3: size=131072, offset=0
DEBUG: Plain uniform count for stage 0: 1
DEBUG:   Plain uniform[0]: location=0, binding=0, buf=0x608000057da0
DEBUG:     Added to buffer_map at index 0, Metal buffer index=0
DEBUG: Vertex buffer map after mapping: count=4
  [0] buf=0x608000057da0, attribute_mask=0x0, buffer_base_index=0
  [1] buf=0x608000050fa0, attribute_mask=0x1, buffer_base_index=0
  [2] buf=0x608000051020, attribute_mask=0x2, buffer_base_index=0
  [3] buf=0x608000051120, attribute_mask=0x4, buffer_base_index=0
DEBUG: Plain uniform count for stage 4: 0
DEBUG: DIRTY_VAO but encoder exists, rebinding buffers on existing encoder
DEBUG: bindVertexBuffersToCurrentRenderEncoder: count=4
  Buffer 0: size=64, offset=0
    Vertex data (first 9 floats): 0.00 0.00 0.00, 0.00 0.00 -0.00, 0.00 0.00 0.00
  Buffer 1: size=393216, offset=0
  Buffer 2: size=262144, offset=0
  Buffer 3: size=131072, offset=0
DEBUG: processGLState - looking up pipeline with key=0x61e1e3ce43a880 (program=2, VAO=0x618000024c80, FBO=0x0)
DEBUG: Pipeline cache HIT - reusing existing pipeline for program 2
DEBUG: mtlDrawElements processGLState returned 1, pipeline=0x61f0000c5c80
DEBUG: mtlDrawElements calling Metal drawIndexedPrimitives, count=12, offset=0
DEBUG: mtlDrawElements Metal draw complete
DEBUG: mglBindVertexArray: array=0, ptr=0x0, old_vao=0x618000024c80
DEBUG: ===== EndDrawing CALLED =====
DEBUG: mglBindVertexArray: array=1, ptr=0x618000024c80, old_vao=0x0
DEBUG: mglBindVertexArray: array=0, ptr=0x0, old_vao=0x618000024c80
DEBUG: mglUniformMatrix4fv:762: mglUniformMatrix4fv: location=0, count=1, transpose=0
DEBUG: mglUniformMatrix4fv:768:   Matrix[0]: [0.003 0.000 0.000 0.000] [0.000 -0.003 0.000 0.000] [0.000 0.000 -2.000 0.000] [-1.000 1.000 -1.000 1.000]
DEBUG: checkUniformParams:266: checkUniformParams: location=0, ptr=0x61d0000eba80
DEBUG: checkUniformParams:291:   OK
DEBUG: mglBindVertexArray: array=1, ptr=0x618000024c80, old_vao=0x0
DEBUG: checkUniformParams:266: checkUniformParams: location=1, ptr=0x61d0000eba80
DEBUG: checkUniformParams:291:   OK
DEBUG: checkUniformParams:266: checkUniformParams: location=-1, ptr=0x61d0000eba80
DEBUG: checkUniformParams:273:   location < 0, silently ignoring
DEBUG: mglDrawElements:192: mglDrawElements: mode=4, count=30, type=5125, indices=0x0
DEBUG: mtlDrawElements called, count=30, VAO=0x618000024c80, program=1
DEBUG: Plain uniform count for stage 0: 1
DEBUG:   Plain uniform[0]: location=0, binding=0, buf=0x608000057da0
DEBUG:     Added to buffer_map at index 0, Metal buffer index=0
DEBUG: Vertex buffer map after mapping: count=4
  [0] buf=0x608000057da0, attribute_mask=0x0, buffer_base_index=0
  [1] buf=0x608000050fa0, attribute_mask=0x1, buffer_base_index=0
  [2] buf=0x608000051020, attribute_mask=0x2, buffer_base_index=0
  [3] buf=0x608000051120, attribute_mask=0x4, buffer_base_index=0
DEBUG: Plain uniform count for stage 4: 1
DEBUG:   Plain uniform[0]: location=1, binding=0, buf=0x608000058a20
DEBUG:     Added to buffer_map at index 0, Metal buffer index=0
DEBUG: DIRTY_VAO but encoder exists, rebinding buffers on existing encoder
DEBUG: bindVertexBuffersToCurrentRenderEncoder: count=4
  Buffer 0: size=64, offset=0
    Vertex data (first 9 floats): 0.00 0.00 0.00, 0.00 0.00 -0.00, 0.00 0.00 0.00
  Buffer 1: size=393216, offset=0
  Buffer 2: size=262144, offset=0
  Buffer 3: size=131072, offset=0
DEBUG: processGLState - looking up pipeline with key=0x61e1e3ce423a80 (program=1, VAO=0x618000024c80, FBO=0x0)
DEBUG: Pipeline cache HIT - reusing existing pipeline for program 1
DEBUG: mtlDrawElements processGLState returned 1, pipeline=0x61f000091480
DEBUG: mtlDrawElements calling Metal drawIndexedPrimitives, count=30, offset=0
DEBUG: mtlDrawElements Metal draw complete
DEBUG: mglBindVertexArray: array=0, ptr=0x0, old_vao=0x618000024c80
DEBUG: About to call SwapScreenBuffer from EndDrawing
DEBUG: SwapScreenBuffer called (raylib)

===== MGLswapBuffers called from application =====
DEBUG: endRenderEncoding - ending encoder 0x60d00007b9e0
DEBUG: endRenderEncoding - encoder set to NULL
===== MGLswapBuffers finished =====

DEBUG: glfwSwapBuffers returned
DEBUG: SwapScreenBuffer returned to EndDrawing
DEBUG: *** mglClear called with mask=0x4100 ***
DEBUG: *** clear_bitmask set to 0x4100 ***
DEBUG: rlGetShaderIdDefault() returning 1 (RLGL.State.defaultShaderId = 1)
DEBUG: mglBindVertexArray: array=1, ptr=0x618000024c80, old_vao=0x0
DEBUG: mglBindVertexArray: array=0, ptr=0x0, old_vao=0x618000024c80
DEBUG: mglUniformMatrix4fv:762: mglUniformMatrix4fv: location=0, count=1, transpose=0
DEBUG: mglUniformMatrix4fv:768:   Matrix[0]: [0.003 0.000 0.000 0.000] [0.000 -0.003 0.000 0.000] [0.000 0.000 -2.000 0.000] [-1.000 1.000 -1.000 1.000]
DEBUG: checkUniformParams:266: checkUniformParams: location=0, ptr=0x61d0000f2880
DEBUG: checkUniformParams:291:   OK
DEBUG: mglBindVertexArray: array=1, ptr=0x618000024c80, old_vao=0x0
DEBUG: checkUniformParams:266: checkUniformParams: location=-1, ptr=0x61d0000f2880
DEBUG: checkUniformParams:273:   location < 0, silently ignoring
DEBUG: checkUniformParams:266: checkUniformParams: location=-1, ptr=0x61d0000f2880
DEBUG: checkUniformParams:273:   location < 0, silently ignoring
DEBUG: mglDrawElements:192: mglDrawElements: mode=4, count=12, type=5125, indices=0x0
DEBUG: mtlDrawElements called, count=12, VAO=0x618000024c80, program=2
DEBUG: DIRTY_STATE with clear_bitmask and no encoder - creating new encoder
DEBUG: newRenderEncoder called from:
  0   libmgl.dylib                        0x0000000103d71b0c -[MGLRenderer newRenderEncoder] + 392
  1   libmgl.dylib                        0x0000000103d8841c -[MGLRenderer processGLState:] + 5520
  2   libmgl.dylib                        0x0000000103d9dd5c -[MGLRenderer mtlDrawElements:mode:count:type:indices:] + 1736
  3   libmgl.dylib                        0x0000000103d9e860 mtlDrawElements + 300
  4   libmgl.dylib                        0x0000000103ae527c mglDrawElements + 1952
DEBUG: endRenderEncoding - encoder was already NULL
DEBUG: Checking clear: bitmask=0x4100, frameWasCleared=0
DEBUG: Will apply clear settings
DEBUG: Setting loadAction=Clear, clearColor=(0.90,0.22,0.16,1.00) [FRAME CLEAR]
DEBUG: Clearing clear_bitmask after applying clear settings
DEBUG: Creating render encoder, loadAction=2, texture=0x61600005c780
DEBUG: updateCurrentRenderEncoder: depth_test=0, stencil_test=0, blend=1
DEBUG: Setting viewport from ctx=0x62d000014400: x=0, y=0, width=1280, height=1280
DEBUG: bindVertexBuffersToCurrentRenderEncoder: count=4
  Buffer 0: size=64, offset=0
    Vertex data (first 9 floats): 0.00 0.00 0.00, 0.00 0.00 -0.00, 0.00 0.00 0.00
  Buffer 1: size=393216, offset=0
  Buffer 2: size=262144, offset=0
  Buffer 3: size=131072, offset=0
DEBUG: Plain uniform count for stage 0: 1
DEBUG:   Plain uniform[0]: location=0, binding=0, buf=0x608000057da0
DEBUG:     Added to buffer_map at index 0, Metal buffer index=0
DEBUG: Vertex buffer map after mapping: count=4
  [0] buf=0x608000057da0, attribute_mask=0x0, buffer_base_index=0
  [1] buf=0x608000050fa0, attribute_mask=0x1, buffer_base_index=0
  [2] buf=0x608000051020, attribute_mask=0x2, buffer_base_index=0
  [3] buf=0x608000051120, attribute_mask=0x4, buffer_base_index=0
DEBUG: Plain uniform count for stage 4: 0
DEBUG: DIRTY_VAO but encoder exists, rebinding buffers on existing encoder
DEBUG: bindVertexBuffersToCurrentRenderEncoder: count=4
  Buffer 0: size=64, offset=0
    Vertex data (first 9 floats): 0.00 0.00 0.00, 0.00 0.00 -0.00, 0.00 0.00 0.00
  Buffer 1: size=393216, offset=0
  Buffer 2: size=262144, offset=0
  Buffer 3: size=131072, offset=0
DEBUG: processGLState - looking up pipeline with key=0x61e1e3ce43a880 (program=2, VAO=0x618000024c80, FBO=0x0)
DEBUG: Pipeline cache HIT - reusing existing pipeline for program 2
DEBUG: mtlDrawElements processGLState returned 1, pipeline=0x61f0000c5c80
DEBUG: mtlDrawElements calling Metal drawIndexedPrimitives, count=12, offset=0
DEBUG: mtlDrawElements Metal draw complete
DEBUG: mglBindVertexArray: array=0, ptr=0x0, old_vao=0x618000024c80
DEBUG: ===== EndDrawing CALLED =====
DEBUG: mglBindVertexArray: array=1, ptr=0x618000024c80, old_vao=0x0
DEBUG: mglBindVertexArray: array=0, ptr=0x0, old_vao=0x618000024c80
DEBUG: mglUniformMatrix4fv:762: mglUniformMatrix4fv: location=0, count=1, transpose=0
DEBUG: mglUniformMatrix4fv:768:   Matrix[0]: [0.003 0.000 0.000 0.000] [0.000 -0.003 0.000 0.000] [0.000 0.000 -2.000 0.000] [-1.000 1.000 -1.000 1.000]
DEBUG: checkUniformParams:266: checkUniformParams: location=0, ptr=0x61d0000eba80
DEBUG: checkUniformParams:291:   OK
DEBUG: mglBindVertexArray: array=1, ptr=0x618000024c80, old_vao=0x0
DEBUG: checkUniformParams:266: checkUniformParams: location=1, ptr=0x61d0000eba80
DEBUG: checkUniformParams:291:   OK
DEBUG: checkUniformParams:266: checkUniformParams: location=-1, ptr=0x61d0000eba80
DEBUG: checkUniformParams:273:   location < 0, silently ignoring
DEBUG: mglDrawElements:192: mglDrawElements: mode=4, count=30, type=5125, indices=0x0
DEBUG: mtlDrawElements called, count=30, VAO=0x618000024c80, program=1
DEBUG: Plain uniform count for stage 0: 1
DEBUG:   Plain uniform[0]: location=0, binding=0, buf=0x608000057da0
DEBUG:     Added to buffer_map at index 0, Metal buffer index=0
DEBUG: Vertex buffer map after mapping: count=4
  [0] buf=0x608000057da0, attribute_mask=0x0, buffer_base_index=0
  [1] buf=0x608000050fa0, attribute_mask=0x1, buffer_base_index=0
  [2] buf=0x608000051020, attribute_mask=0x2, buffer_base_index=0
  [3] buf=0x608000051120, attribute_mask=0x4, buffer_base_index=0
DEBUG: Plain uniform count for stage 4: 1
DEBUG:   Plain uniform[0]: location=1, binding=0, buf=0x608000058a20
DEBUG:     Added to buffer_map at index 0, Metal buffer index=0
DEBUG: DIRTY_VAO but encoder exists, rebinding buffers on existing encoder
DEBUG: bindVertexBuffersToCurrentRenderEncoder: count=4
  Buffer 0: size=64, offset=0
    Vertex data (first 9 floats): 0.00 0.00 0.00, 0.00 0.00 -0.00, 0.00 0.00 0.00
  Buffer 1: size=393216, offset=0
  Buffer 2: size=262144, offset=0
  Buffer 3: size=131072, offset=0
DEBUG: processGLState - looking up pipeline with key=0x61e1e3ce423a80 (program=1, VAO=0x618000024c80, FBO=0x0)
DEBUG: Pipeline cache HIT - reusing existing pipeline for program 1
DEBUG: mtlDrawElements processGLState returned 1, pipeline=0x61f000091480
DEBUG: mtlDrawElements calling Metal drawIndexedPrimitives, count=30, offset=0
DEBUG: mtlDrawElements Metal draw complete
DEBUG: mglBindVertexArray: array=0, ptr=0x0, old_vao=0x618000024c80
DEBUG: About to call SwapScreenBuffer from EndDrawing
DEBUG: SwapScreenBuffer called (raylib)

===== MGLswapBuffers called from application =====
DEBUG: endRenderEncoding - ending encoder 0x60d00007bab0
DEBUG: endRenderEncoding - encoder set to NULL
===== MGLswapBuffers finished =====

DEBUG: glfwSwapBuffers returned
DEBUG: SwapScreenBuffer returned to EndDrawing
DEBUG: *** mglClear called with mask=0x4100 ***
DEBUG: *** clear_bitmask set to 0x4100 ***
DEBUG: rlGetShaderIdDefault() returning 1 (RLGL.State.defaultShaderId = 1)
DEBUG: mglBindVertexArray: array=1, ptr=0x618000024c80, old_vao=0x0
DEBUG: mglBindVertexArray: array=0, ptr=0x0, old_vao=0x618000024c80
DEBUG: mglUniformMatrix4fv:762: mglUniformMatrix4fv: location=0, count=1, transpose=0
DEBUG: mglUniformMatrix4fv:768:   Matrix[0]: [0.003 0.000 0.000 0.000] [0.000 -0.003 0.000 0.000] [0.000 0.000 -2.000 0.000] [-1.000 1.000 -1.000 1.000]
DEBUG: checkUniformParams:266: checkUniformParams: location=0, ptr=0x61d0000f2880
DEBUG: checkUniformParams:291:   OK
DEBUG: mglBindVertexArray: array=1, ptr=0x618000024c80, old_vao=0x0
DEBUG: checkUniformParams:266: checkUniformParams: location=-1, ptr=0x61d0000f2880
DEBUG: checkUniformParams:273:   location < 0, silently ignoring
DEBUG: checkUniformParams:266: checkUniformParams: location=-1, ptr=0x61d0000f2880
DEBUG: checkUniformParams:273:   location < 0, silently ignoring
DEBUG: mglDrawElements:192: mglDrawElements: mode=4, count=12, type=5125, indices=0x0
DEBUG: mtlDrawElements called, count=12, VAO=0x618000024c80, program=2
DEBUG: DIRTY_STATE with clear_bitmask and no encoder - creating new encoder
DEBUG: newRenderEncoder called from:
  0   libmgl.dylib                        0x0000000103d71b0c -[MGLRenderer newRenderEncoder] + 392
  1   libmgl.dylib                        0x0000000103d8841c -[MGLRenderer processGLState:] + 5520
  2   libmgl.dylib                        0x0000000103d9dd5c -[MGLRenderer mtlDrawElements:mode:count:type:indices:] + 1736
  3   libmgl.dylib                        0x0000000103d9e860 mtlDrawElements + 300
  4   libmgl.dylib                        0x0000000103ae527c mglDrawElements + 1952
DEBUG: endRenderEncoding - encoder was already NULL
DEBUG: Checking clear: bitmask=0x4100, frameWasCleared=0
DEBUG: Will apply clear settings
DEBUG: Setting loadAction=Clear, clearColor=(0.90,0.22,0.16,1.00) [FRAME CLEAR]
DEBUG: Clearing clear_bitmask after applying clear settings
DEBUG: Creating render encoder, loadAction=2, texture=0x616000051680
DEBUG: updateCurrentRenderEncoder: depth_test=0, stencil_test=0, blend=1
DEBUG: Setting viewport from ctx=0x62d000014400: x=0, y=0, width=1280, height=1280
DEBUG: bindVertexBuffersToCurrentRenderEncoder: count=4
  Buffer 0: size=64, offset=0
    Vertex data (first 9 floats): 0.00 0.00 0.00, 0.00 0.00 -0.00, 0.00 0.00 0.00
  Buffer 1: size=393216, offset=0
  Buffer 2: size=262144, offset=0
  Buffer 3: size=131072, offset=0
DEBUG: Plain uniform count for stage 0: 1
DEBUG:   Plain uniform[0]: location=0, binding=0, buf=0x608000057da0
DEBUG:     Added to buffer_map at index 0, Metal buffer index=0
DEBUG: Vertex buffer map after mapping: count=4
  [0] buf=0x608000057da0, attribute_mask=0x0, buffer_base_index=0
  [1] buf=0x608000050fa0, attribute_mask=0x1, buffer_base_index=0
  [2] buf=0x608000051020, attribute_mask=0x2, buffer_base_index=0
  [3] buf=0x608000051120, attribute_mask=0x4, buffer_base_index=0
DEBUG: Plain uniform count for stage 4: 0
DEBUG: DIRTY_VAO but encoder exists, rebinding buffers on existing encoder
DEBUG: bindVertexBuffersToCurrentRenderEncoder: count=4
  Buffer 0: size=64, offset=0
    Vertex data (first 9 floats): 0.00 0.00 0.00, 0.00 0.00 -0.00, 0.00 0.00 0.00
  Buffer 1: size=393216, offset=0
  Buffer 2: size=262144, offset=0
  Buffer 3: size=131072, offset=0
DEBUG: processGLState - looking up pipeline with key=0x61e1e3ce43a880 (program=2, VAO=0x618000024c80, FBO=0x0)
DEBUG: Pipeline cache HIT - reusing existing pipeline for program 2
DEBUG: mtlDrawElements processGLState returned 1, pipeline=0x61f0000c5c80
DEBUG: mtlDrawElements calling Metal drawIndexedPrimitives, count=12, offset=0
DEBUG: mtlDrawElements Metal draw complete
DEBUG: mglBindVertexArray: array=0, ptr=0x0, old_vao=0x618000024c80
DEBUG: ===== EndDrawing CALLED =====
DEBUG: mglBindVertexArray: array=1, ptr=0x618000024c80, old_vao=0x0
DEBUG: mglBindVertexArray: array=0, ptr=0x0, old_vao=0x618000024c80
DEBUG: mglUniformMatrix4fv:762: mglUniformMatrix4fv: location=0, count=1, transpose=0
DEBUG: mglUniformMatrix4fv:768:   Matrix[0]: [0.003 0.000 0.000 0.000] [0.000 -0.003 0.000 0.000] [0.000 0.000 -2.000 0.000] [-1.000 1.000 -1.000 1.000]
DEBUG: checkUniformParams:266: checkUniformParams: location=0, ptr=0x61d0000eba80
DEBUG: checkUniformParams:291:   OK
DEBUG: mglBindVertexArray: array=1, ptr=0x618000024c80, old_vao=0x0
DEBUG: checkUniformParams:266: checkUniformParams: location=1, ptr=0x61d0000eba80
DEBUG: checkUniformParams:291:   OK
DEBUG: checkUniformParams:266: checkUniformParams: location=-1, ptr=0x61d0000eba80
DEBUG: checkUniformParams:273:   location < 0, silently ignoring
DEBUG: mglDrawElements:192: mglDrawElements: mode=4, count=30, type=5125, indices=0x0
DEBUG: mtlDrawElements called, count=30, VAO=0x618000024c80, program=1
DEBUG: Plain uniform count for stage 0: 1
DEBUG:   Plain uniform[0]: location=0, binding=0, buf=0x608000057da0
DEBUG:     Added to buffer_map at index 0, Metal buffer index=0
DEBUG: Vertex buffer map after mapping: count=4
  [0] buf=0x608000057da0, attribute_mask=0x0, buffer_base_index=0
  [1] buf=0x608000050fa0, attribute_mask=0x1, buffer_base_index=0
  [2] buf=0x608000051020, attribute_mask=0x2, buffer_base_index=0
  [3] buf=0x608000051120, attribute_mask=0x4, buffer_base_index=0
DEBUG: Plain uniform count for stage 4: 1
DEBUG:   Plain uniform[0]: location=1, binding=0, buf=0x608000058a20
DEBUG:     Added to buffer_map at index 0, Metal buffer index=0
DEBUG: DIRTY_VAO but encoder exists, rebinding buffers on existing encoder
DEBUG: bindVertexBuffersToCurrentRenderEncoder: count=4
  Buffer 0: size=64, offset=0
    Vertex data (first 9 floats): 0.00 0.00 0.00, 0.00 0.00 -0.00, 0.00 0.00 0.00
  Buffer 1: size=393216, offset=0
  Buffer 2: size=262144, offset=0
  Buffer 3: size=131072, offset=0
DEBUG: processGLState - looking up pipeline with key=0x61e1e3ce423a80 (program=1, VAO=0x618000024c80, FBO=0x0)
DEBUG: Pipeline cache HIT - reusing existing pipeline for program 1
DEBUG: mtlDrawElements processGLState returned 1, pipeline=0x61f000091480
DEBUG: mtlDrawElements calling Metal drawIndexedPrimitives, count=30, offset=0
DEBUG: mtlDrawElements Metal draw complete
DEBUG: mglBindVertexArray: array=0, ptr=0x0, old_vao=0x618000024c80
DEBUG: About to call SwapScreenBuffer from EndDrawing
DEBUG: SwapScreenBuffer called (raylib)

===== MGLswapBuffers called from application =====
DEBUG: endRenderEncoding - ending encoder 0x60d00007bb80
DEBUG: endRenderEncoding - encoder set to NULL
===== MGLswapBuffers finished =====

DEBUG: glfwSwapBuffers returned
DEBUG: SwapScreenBuffer returned to EndDrawing
DEBUG: *** mglClear called with mask=0x4100 ***
DEBUG: *** clear_bitmask set to 0x4100 ***
DEBUG: rlGetShaderIdDefault() returning 1 (RLGL.State.defaultShaderId = 1)
DEBUG: mglBindVertexArray: array=1, ptr=0x618000024c80, old_vao=0x0
DEBUG: mglBindVertexArray: array=0, ptr=0x0, old_vao=0x618000024c80
DEBUG: mglUniformMatrix4fv:762: mglUniformMatrix4fv: location=0, count=1, transpose=0
DEBUG: mglUniformMatrix4fv:768:   Matrix[0]: [0.003 0.000 0.000 0.000] [0.000 -0.003 0.000 0.000] [0.000 0.000 -2.000 0.000] [-1.000 1.000 -1.000 1.000]
DEBUG: checkUniformParams:266: checkUniformParams: location=0, ptr=0x61d0000f2880
DEBUG: checkUniformParams:291:   OK
DEBUG: mglBindVertexArray: array=1, ptr=0x618000024c80, old_vao=0x0
DEBUG: checkUniformParams:266: checkUniformParams: location=-1, ptr=0x61d0000f2880
DEBUG: checkUniformParams:273:   location < 0, silently ignoring
DEBUG: checkUniformParams:266: checkUniformParams: location=-1, ptr=0x61d0000f2880
DEBUG: checkUniformParams:273:   location < 0, silently ignoring
DEBUG: mglDrawElements:192: mglDrawElements: mode=4, count=12, type=5125, indices=0x0
DEBUG: mtlDrawElements called, count=12, VAO=0x618000024c80, program=2
DEBUG: DIRTY_STATE with clear_bitmask and no encoder - creating new encoder
DEBUG: newRenderEncoder called from:
  0   libmgl.dylib                        0x0000000103d71b0c -[MGLRenderer newRenderEncoder] + 392
  1   libmgl.dylib                        0x0000000103d8841c -[MGLRenderer processGLState:] + 5520
  2   libmgl.dylib                        0x0000000103d9dd5c -[MGLRenderer mtlDrawElements:mode:count:type:indices:] + 1736
  3   libmgl.dylib                        0x0000000103d9e860 mtlDrawElements + 300
  4   libmgl.dylib                        0x0000000103ae527c mglDrawElements + 1952
DEBUG: endRenderEncoding - encoder was already NULL
DEBUG: Checking clear: bitmask=0x4100, frameWasCleared=0
DEBUG: Will apply clear settings
DEBUG: Setting loadAction=Clear, clearColor=(0.90,0.22,0.16,1.00) [FRAME CLEAR]
DEBUG: Clearing clear_bitmask after applying clear settings
DEBUG: Creating render encoder, loadAction=2, texture=0x616000051c80
DEBUG: updateCurrentRenderEncoder: depth_test=0, stencil_test=0, blend=1
DEBUG: Setting viewport from ctx=0x62d000014400: x=0, y=0, width=1280, height=1280
DEBUG: bindVertexBuffersToCurrentRenderEncoder: count=4
  Buffer 0: size=64, offset=0
    Vertex data (first 9 floats): 0.00 0.00 0.00, 0.00 0.00 -0.00, 0.00 0.00 0.00
  Buffer 1: size=393216, offset=0
  Buffer 2: size=262144, offset=0
  Buffer 3: size=131072, offset=0
DEBUG: Plain uniform count for stage 0: 1
DEBUG:   Plain uniform[0]: location=0, binding=0, buf=0x608000057da0
DEBUG:     Added to buffer_map at index 0, Metal buffer index=0
DEBUG: Vertex buffer map after mapping: count=4
  [0] buf=0x608000057da0, attribute_mask=0x0, buffer_base_index=0
  [1] buf=0x608000050fa0, attribute_mask=0x1, buffer_base_index=0
  [2] buf=0x608000051020, attribute_mask=0x2, buffer_base_index=0
  [3] buf=0x608000051120, attribute_mask=0x4, buffer_base_index=0
DEBUG: Plain uniform count for stage 4: 0
DEBUG: DIRTY_VAO but encoder exists, rebinding buffers on existing encoder
DEBUG: bindVertexBuffersToCurrentRenderEncoder: count=4
  Buffer 0: size=64, offset=0
    Vertex data (first 9 floats): 0.00 0.00 0.00, 0.00 0.00 -0.00, 0.00 0.00 0.00
  Buffer 1: size=393216, offset=0
  Buffer 2: size=262144, offset=0
  Buffer 3: size=131072, offset=0
DEBUG: processGLState - looking up pipeline with key=0x61e1e3ce43a880 (program=2, VAO=0x618000024c80, FBO=0x0)
DEBUG: Pipeline cache HIT - reusing existing pipeline for program 2
DEBUG: mtlDrawElements processGLState returned 1, pipeline=0x61f0000c5c80
DEBUG: mtlDrawElements calling Metal drawIndexedPrimitives, count=12, offset=0
DEBUG: mtlDrawElements Metal draw complete
DEBUG: mglBindVertexArray: array=0, ptr=0x0, old_vao=0x618000024c80
DEBUG: ===== EndDrawing CALLED =====
DEBUG: mglBindVertexArray: array=1, ptr=0x618000024c80, old_vao=0x0
DEBUG: mglBindVertexArray: array=0, ptr=0x0, old_vao=0x618000024c80
DEBUG: mglUniformMatrix4fv:762: mglUniformMatrix4fv: location=0, count=1, transpose=0
DEBUG: mglUniformMatrix4fv:768:   Matrix[0]: [0.003 0.000 0.000 0.000] [0.000 -0.003 0.000 0.000] [0.000 0.000 -2.000 0.000] [-1.000 1.000 -1.000 1.000]
DEBUG: checkUniformParams:266: checkUniformParams: location=0, ptr=0x61d0000eba80
DEBUG: checkUniformParams:291:   OK
DEBUG: mglBindVertexArray: array=1, ptr=0x618000024c80, old_vao=0x0
DEBUG: checkUniformParams:266: checkUniformParams: location=1, ptr=0x61d0000eba80
DEBUG: checkUniformParams:291:   OK
DEBUG: checkUniformParams:266: checkUniformParams: location=-1, ptr=0x61d0000eba80
DEBUG: checkUniformParams:273:   location < 0, silently ignoring
DEBUG: mglDrawElements:192: mglDrawElements: mode=4, count=30, type=5125, indices=0x0
DEBUG: mtlDrawElements called, count=30, VAO=0x618000024c80, program=1
DEBUG: Plain uniform count for stage 0: 1
DEBUG:   Plain uniform[0]: location=0, binding=0, buf=0x608000057da0
DEBUG:     Added to buffer_map at index 0, Metal buffer index=0
DEBUG: Vertex buffer map after mapping: count=4
  [0] buf=0x608000057da0, attribute_mask=0x0, buffer_base_index=0
  [1] buf=0x608000050fa0, attribute_mask=0x1, buffer_base_index=0
  [2] buf=0x608000051020, attribute_mask=0x2, buffer_base_index=0
  [3] buf=0x608000051120, attribute_mask=0x4, buffer_base_index=0
DEBUG: Plain uniform count for stage 4: 1
DEBUG:   Plain uniform[0]: location=1, binding=0, buf=0x608000058a20
DEBUG:     Added to buffer_map at index 0, Metal buffer index=0
DEBUG: DIRTY_VAO but encoder exists, rebinding buffers on existing encoder
DEBUG: bindVertexBuffersToCurrentRenderEncoder: count=4
  Buffer 0: size=64, offset=0
    Vertex data (first 9 floats): 0.00 0.00 0.00, 0.00 0.00 -0.00, 0.00 0.00 0.00
  Buffer 1: size=393216, offset=0
  Buffer 2: size=262144, offset=0
  Buffer 3: size=131072, offset=0
DEBUG: processGLState - looking up pipeline with key=0x61e1e3ce423a80 (program=1, VAO=0x618000024c80, FBO=0x0)
DEBUG: Pipeline cache HIT - reusing existing pipeline for program 1
DEBUG: mtlDrawElements processGLState returned 1, pipeline=0x61f000091480
DEBUG: mtlDrawElements calling Metal drawIndexedPrimitives, count=30, offset=0
DEBUG: mtlDrawElements Metal draw complete
DEBUG: mglBindVertexArray: array=0, ptr=0x0, old_vao=0x618000024c80
DEBUG: About to call SwapScreenBuffer from EndDrawing
DEBUG: SwapScreenBuffer called (raylib)

===== MGLswapBuffers called from application =====
DEBUG: endRenderEncoding - ending encoder 0x60d00007bc50
DEBUG: endRenderEncoding - encoder set to NULL
===== MGLswapBuffers finished =====

DEBUG: glfwSwapBuffers returned
DEBUG: SwapScreenBuffer returned to EndDrawing
DEBUG: *** mglClear called with mask=0x4100 ***
DEBUG: *** clear_bitmask set to 0x4100 ***
DEBUG: rlGetShaderIdDefault() returning 1 (RLGL.State.defaultShaderId = 1)
DEBUG: mglBindVertexArray: array=1, ptr=0x618000024c80, old_vao=0x0
DEBUG: mglBindVertexArray: array=0, ptr=0x0, old_vao=0x618000024c80
DEBUG: mglUniformMatrix4fv:762: mglUniformMatrix4fv: location=0, count=1, transpose=0
DEBUG: mglUniformMatrix4fv:768:   Matrix[0]: [0.003 0.000 0.000 0.000] [0.000 -0.003 0.000 0.000] [0.000 0.000 -2.000 0.000] [-1.000 1.000 -1.000 1.000]
DEBUG: checkUniformParams:266: checkUniformParams: location=0, ptr=0x61d0000f2880
DEBUG: checkUniformParams:291:   OK
DEBUG: mglBindVertexArray: array=1, ptr=0x618000024c80, old_vao=0x0
DEBUG: checkUniformParams:266: checkUniformParams: location=-1, ptr=0x61d0000f2880
DEBUG: checkUniformParams:273:   location < 0, silently ignoring
DEBUG: checkUniformParams:266: checkUniformParams: location=-1, ptr=0x61d0000f2880
DEBUG: checkUniformParams:273:   location < 0, silently ignoring
DEBUG: mglDrawElements:192: mglDrawElements: mode=4, count=12, type=5125, indices=0x0
DEBUG: mtlDrawElements called, count=12, VAO=0x618000024c80, program=2
DEBUG: DIRTY_STATE with clear_bitmask and no encoder - creating new encoder
DEBUG: newRenderEncoder called from:
  0   libmgl.dylib                        0x0000000103d71b0c -[MGLRenderer newRenderEncoder] + 392
  1   libmgl.dylib                        0x0000000103d8841c -[MGLRenderer processGLState:] + 5520
  2   libmgl.dylib                        0x0000000103d9dd5c -[MGLRenderer mtlDrawElements:mode:count:type:indices:] + 1736
  3   libmgl.dylib                        0x0000000103d9e860 mtlDrawElements + 300
  4   libmgl.dylib                        0x0000000103ae527c mglDrawElements + 1952
DEBUG: endRenderEncoding - encoder was already NULL
DEBUG: Checking clear: bitmask=0x4100, frameWasCleared=0
DEBUG: Will apply clear settings
DEBUG: Setting loadAction=Clear, clearColor=(0.90,0.22,0.16,1.00) [FRAME CLEAR]
DEBUG: Clearing clear_bitmask after applying clear settings
DEBUG: Creating render encoder, loadAction=2, texture=0x61600005c780
DEBUG: updateCurrentRenderEncoder: depth_test=0, stencil_test=0, blend=1
DEBUG: Setting viewport from ctx=0x62d000014400: x=0, y=0, width=1280, height=1280
DEBUG: bindVertexBuffersToCurrentRenderEncoder: count=4
  Buffer 0: size=64, offset=0
    Vertex data (first 9 floats): 0.00 0.00 0.00, 0.00 0.00 -0.00, 0.00 0.00 0.00
  Buffer 1: size=393216, offset=0
  Buffer 2: size=262144, offset=0
  Buffer 3: size=131072, offset=0
DEBUG: Plain uniform count for stage 0: 1
DEBUG:   Plain uniform[0]: location=0, binding=0, buf=0x608000057da0
DEBUG:     Added to buffer_map at index 0, Metal buffer index=0
DEBUG: Vertex buffer map after mapping: count=4
  [0] buf=0x608000057da0, attribute_mask=0x0, buffer_base_index=0
  [1] buf=0x608000050fa0, attribute_mask=0x1, buffer_base_index=0
  [2] buf=0x608000051020, attribute_mask=0x2, buffer_base_index=0
  [3] buf=0x608000051120, attribute_mask=0x4, buffer_base_index=0
DEBUG: Plain uniform count for stage 4: 0
DEBUG: DIRTY_VAO but encoder exists, rebinding buffers on existing encoder
DEBUG: bindVertexBuffersToCurrentRenderEncoder: count=4
  Buffer 0: size=64, offset=0
    Vertex data (first 9 floats): 0.00 0.00 0.00, 0.00 0.00 -0.00, 0.00 0.00 0.00
  Buffer 1: size=393216, offset=0
  Buffer 2: size=262144, offset=0
  Buffer 3: size=131072, offset=0
DEBUG: processGLState - looking up pipeline with key=0x61e1e3ce43a880 (program=2, VAO=0x618000024c80, FBO=0x0)
DEBUG: Pipeline cache HIT - reusing existing pipeline for program 2
DEBUG: mtlDrawElements processGLState returned 1, pipeline=0x61f0000c5c80
DEBUG: mtlDrawElements calling Metal drawIndexedPrimitives, count=12, offset=0
DEBUG: mtlDrawElements Metal draw complete
DEBUG: mglBindVertexArray: array=0, ptr=0x0, old_vao=0x618000024c80
DEBUG: ===== EndDrawing CALLED =====
DEBUG: mglBindVertexArray: array=1, ptr=0x618000024c80, old_vao=0x0
DEBUG: mglBindVertexArray: array=0, ptr=0x0, old_vao=0x618000024c80
DEBUG: mglUniformMatrix4fv:762: mglUniformMatrix4fv: location=0, count=1, transpose=0
DEBUG: mglUniformMatrix4fv:768:   Matrix[0]: [0.003 0.000 0.000 0.000] [0.000 -0.003 0.000 0.000] [0.000 0.000 -2.000 0.000] [-1.000 1.000 -1.000 1.000]
DEBUG: checkUniformParams:266: checkUniformParams: location=0, ptr=0x61d0000eba80
DEBUG: checkUniformParams:291:   OK
DEBUG: mglBindVertexArray: array=1, ptr=0x618000024c80, old_vao=0x0
DEBUG: checkUniformParams:266: checkUniformParams: location=1, ptr=0x61d0000eba80
DEBUG: checkUniformParams:291:   OK
DEBUG: checkUniformParams:266: checkUniformParams: location=-1, ptr=0x61d0000eba80
DEBUG: checkUniformParams:273:   location < 0, silently ignoring
DEBUG: mglDrawElements:192: mglDrawElements: mode=4, count=30, type=5125, indices=0x0
DEBUG: mtlDrawElements called, count=30, VAO=0x618000024c80, program=1
DEBUG: Plain uniform count for stage 0: 1
DEBUG:   Plain uniform[0]: location=0, binding=0, buf=0x608000057da0
DEBUG:     Added to buffer_map at index 0, Metal buffer index=0
DEBUG: Vertex buffer map after mapping: count=4
  [0] buf=0x608000057da0, attribute_mask=0x0, buffer_base_index=0
  [1] buf=0x608000050fa0, attribute_mask=0x1, buffer_base_index=0
  [2] buf=0x608000051020, attribute_mask=0x2, buffer_base_index=0
  [3] buf=0x608000051120, attribute_mask=0x4, buffer_base_index=0
DEBUG: Plain uniform count for stage 4: 1
DEBUG:   Plain uniform[0]: location=1, binding=0, buf=0x608000058a20
DEBUG:     Added to buffer_map at index 0, Metal buffer index=0
DEBUG: DIRTY_VAO but encoder exists, rebinding buffers on existing encoder
DEBUG: bindVertexBuffersToCurrentRenderEncoder: count=4
  Buffer 0: size=64, offset=0
    Vertex data (first 9 floats): 0.00 0.00 0.00, 0.00 0.00 -0.00, 0.00 0.00 0.00
  Buffer 1: size=393216, offset=0
  Buffer 2: size=262144, offset=0
  Buffer 3: size=131072, offset=0
DEBUG: processGLState - looking up pipeline with key=0x61e1e3ce423a80 (program=1, VAO=0x618000024c80, FBO=0x0)
DEBUG: Pipeline cache HIT - reusing existing pipeline for program 1
DEBUG: mtlDrawElements processGLState returned 1, pipeline=0x61f000091480
DEBUG: mtlDrawElements calling Metal drawIndexedPrimitives, count=30, offset=0
DEBUG: mtlDrawElements Metal draw complete
DEBUG: mglBindVertexArray: array=0, ptr=0x0, old_vao=0x618000024c80
DEBUG: About to call SwapScreenBuffer from EndDrawing
DEBUG: SwapScreenBuffer called (raylib)

===== MGLswapBuffers called from application =====
DEBUG: endRenderEncoding - ending encoder 0x60d00007bd20
DEBUG: endRenderEncoding - encoder set to NULL
===== MGLswapBuffers finished =====

DEBUG: glfwSwapBuffers returned
DEBUG: SwapScreenBuffer returned to EndDrawing
DEBUG: *** mglClear called with mask=0x4100 ***
DEBUG: *** clear_bitmask set to 0x4100 ***
DEBUG: rlGetShaderIdDefault() returning 1 (RLGL.State.defaultShaderId = 1)
DEBUG: mglBindVertexArray: array=1, ptr=0x618000024c80, old_vao=0x0
DEBUG: mglBindVertexArray: array=0, ptr=0x0, old_vao=0x618000024c80
DEBUG: mglUniformMatrix4fv:762: mglUniformMatrix4fv: location=0, count=1, transpose=0
DEBUG: mglUniformMatrix4fv:768:   Matrix[0]: [0.003 0.000 0.000 0.000] [0.000 -0.003 0.000 0.000] [0.000 0.000 -2.000 0.000] [-1.000 1.000 -1.000 1.000]
DEBUG: checkUniformParams:266: checkUniformParams: location=0, ptr=0x61d0000f2880
DEBUG: checkUniformParams:291:   OK
DEBUG: mglBindVertexArray: array=1, ptr=0x618000024c80, old_vao=0x0
DEBUG: checkUniformParams:266: checkUniformParams: location=-1, ptr=0x61d0000f2880
DEBUG: checkUniformParams:273:   location < 0, silently ignoring
DEBUG: checkUniformParams:266: checkUniformParams: location=-1, ptr=0x61d0000f2880
DEBUG: checkUniformParams:273:   location < 0, silently ignoring
DEBUG: mglDrawElements:192: mglDrawElements: mode=4, count=12, type=5125, indices=0x0
DEBUG: mtlDrawElements called, count=12, VAO=0x618000024c80, program=2
DEBUG: DIRTY_STATE with clear_bitmask and no encoder - creating new encoder
DEBUG: newRenderEncoder called from:
  0   libmgl.dylib                        0x0000000103d71b0c -[MGLRenderer newRenderEncoder] + 392
  1   libmgl.dylib                        0x0000000103d8841c -[MGLRenderer processGLState:] + 5520
  2   libmgl.dylib                        0x0000000103d9dd5c -[MGLRenderer mtlDrawElements:mode:count:type:indices:] + 1736
  3   libmgl.dylib                        0x0000000103d9e860 mtlDrawElements + 300
  4   libmgl.dylib                        0x0000000103ae527c mglDrawElements + 1952
DEBUG: endRenderEncoding - encoder was already NULL
DEBUG: Checking clear: bitmask=0x4100, frameWasCleared=0
DEBUG: Will apply clear settings
DEBUG: Setting loadAction=Clear, clearColor=(0.90,0.22,0.16,1.00) [FRAME CLEAR]
DEBUG: Clearing clear_bitmask after applying clear settings
DEBUG: Creating render encoder, loadAction=2, texture=0x616000051680
DEBUG: updateCurrentRenderEncoder: depth_test=0, stencil_test=0, blend=1
DEBUG: Setting viewport from ctx=0x62d000014400: x=0, y=0, width=1280, height=1280
DEBUG: bindVertexBuffersToCurrentRenderEncoder: count=4
  Buffer 0: size=64, offset=0
    Vertex data (first 9 floats): 0.00 0.00 0.00, 0.00 0.00 -0.00, 0.00 0.00 0.00
  Buffer 1: size=393216, offset=0
  Buffer 2: size=262144, offset=0
  Buffer 3: size=131072, offset=0
DEBUG: Plain uniform count for stage 0: 1
DEBUG:   Plain uniform[0]: location=0, binding=0, buf=0x608000057da0
DEBUG:     Added to buffer_map at index 0, Metal buffer index=0
DEBUG: Vertex buffer map after mapping: count=4
  [0] buf=0x608000057da0, attribute_mask=0x0, buffer_base_index=0
  [1] buf=0x608000050fa0, attribute_mask=0x1, buffer_base_index=0
  [2] buf=0x608000051020, attribute_mask=0x2, buffer_base_index=0
  [3] buf=0x608000051120, attribute_mask=0x4, buffer_base_index=0
DEBUG: Plain uniform count for stage 4: 0
DEBUG: DIRTY_VAO but encoder exists, rebinding buffers on existing encoder
DEBUG: bindVertexBuffersToCurrentRenderEncoder: count=4
  Buffer 0: size=64, offset=0
    Vertex data (first 9 floats): 0.00 0.00 0.00, 0.00 0.00 -0.00, 0.00 0.00 0.00
  Buffer 1: size=393216, offset=0
  Buffer 2: size=262144, offset=0
  Buffer 3: size=131072, offset=0
DEBUG: processGLState - looking up pipeline with key=0x61e1e3ce43a880 (program=2, VAO=0x618000024c80, FBO=0x0)
DEBUG: Pipeline cache HIT - reusing existing pipeline for program 2
DEBUG: mtlDrawElements processGLState returned 1, pipeline=0x61f0000c5c80
DEBUG: mtlDrawElements calling Metal drawIndexedPrimitives, count=12, offset=0
DEBUG: mtlDrawElements Metal draw complete
DEBUG: mglBindVertexArray: array=0, ptr=0x0, old_vao=0x618000024c80
DEBUG: ===== EndDrawing CALLED =====
DEBUG: mglBindVertexArray: array=1, ptr=0x618000024c80, old_vao=0x0
DEBUG: mglBindVertexArray: array=0, ptr=0x0, old_vao=0x618000024c80
DEBUG: mglUniformMatrix4fv:762: mglUniformMatrix4fv: location=0, count=1, transpose=0
DEBUG: mglUniformMatrix4fv:768:   Matrix[0]: [0.003 0.000 0.000 0.000] [0.000 -0.003 0.000 0.000] [0.000 0.000 -2.000 0.000] [-1.000 1.000 -1.000 1.000]
DEBUG: checkUniformParams:266: checkUniformParams: location=0, ptr=0x61d0000eba80
DEBUG: checkUniformParams:291:   OK
DEBUG: mglBindVertexArray: array=1, ptr=0x618000024c80, old_vao=0x0
DEBUG: checkUniformParams:266: checkUniformParams: location=1, ptr=0x61d0000eba80
DEBUG: checkUniformParams:291:   OK
DEBUG: checkUniformParams:266: checkUniformParams: location=-1, ptr=0x61d0000eba80
DEBUG: checkUniformParams:273:   location < 0, silently ignoring
DEBUG: mglDrawElements:192: mglDrawElements: mode=4, count=30, type=5125, indices=0x0
DEBUG: mtlDrawElements called, count=30, VAO=0x618000024c80, program=1
DEBUG: Plain uniform count for stage 0: 1
DEBUG:   Plain uniform[0]: location=0, binding=0, buf=0x608000057da0
DEBUG:     Added to buffer_map at index 0, Metal buffer index=0
DEBUG: Vertex buffer map after mapping: count=4
  [0] buf=0x608000057da0, attribute_mask=0x0, buffer_base_index=0
  [1] buf=0x608000050fa0, attribute_mask=0x1, buffer_base_index=0
  [2] buf=0x608000051020, attribute_mask=0x2, buffer_base_index=0
  [3] buf=0x608000051120, attribute_mask=0x4, buffer_base_index=0
DEBUG: Plain uniform count for stage 4: 1
DEBUG:   Plain uniform[0]: location=1, binding=0, buf=0x608000058a20
DEBUG:     Added to buffer_map at index 0, Metal buffer index=0
DEBUG: DIRTY_VAO but encoder exists, rebinding buffers on existing encoder
DEBUG: bindVertexBuffersToCurrentRenderEncoder: count=4
  Buffer 0: size=64, offset=0
    Vertex data (first 9 floats): 0.00 0.00 0.00, 0.00 0.00 -0.00, 0.00 0.00 0.00
  Buffer 1: size=393216, offset=0
  Buffer 2: size=262144, offset=0
  Buffer 3: size=131072, offset=0
DEBUG: processGLState - looking up pipeline with key=0x61e1e3ce423a80 (program=1, VAO=0x618000024c80, FBO=0x0)
DEBUG: Pipeline cache HIT - reusing existing pipeline for program 1
DEBUG: mtlDrawElements processGLState returned 1, pipeline=0x61f000091480
DEBUG: mtlDrawElements calling Metal drawIndexedPrimitives, count=30, offset=0
DEBUG: mtlDrawElements Metal draw complete
DEBUG: mglBindVertexArray: array=0, ptr=0x0, old_vao=0x618000024c80
DEBUG: About to call SwapScreenBuffer from EndDrawing
DEBUG: SwapScreenBuffer called (raylib)

===== MGLswapBuffers called from application =====
DEBUG: endRenderEncoding - ending encoder 0x60d00007bdf0
DEBUG: endRenderEncoding - encoder set to NULL
===== MGLswapBuffers finished =====

DEBUG: glfwSwapBuffers returned
DEBUG: SwapScreenBuffer returned to EndDrawing
DEBUG: *** mglClear called with mask=0x4100 ***
DEBUG: *** clear_bitmask set to 0x4100 ***
DEBUG: rlGetShaderIdDefault() returning 1 (RLGL.State.defaultShaderId = 1)
DEBUG: mglBindVertexArray: array=1, ptr=0x618000024c80, old_vao=0x0
DEBUG: mglBindVertexArray: array=0, ptr=0x0, old_vao=0x618000024c80
DEBUG: mglUniformMatrix4fv:762: mglUniformMatrix4fv: location=0, count=1, transpose=0
DEBUG: mglUniformMatrix4fv:768:   Matrix[0]: [0.003 0.000 0.000 0.000] [0.000 -0.003 0.000 0.000] [0.000 0.000 -2.000 0.000] [-1.000 1.000 -1.000 1.000]
DEBUG: checkUniformParams:266: checkUniformParams: location=0, ptr=0x61d0000f2880
DEBUG: checkUniformParams:291:   OK
DEBUG: mglBindVertexArray: array=1, ptr=0x618000024c80, old_vao=0x0
DEBUG: checkUniformParams:266: checkUniformParams: location=-1, ptr=0x61d0000f2880
DEBUG: checkUniformParams:273:   location < 0, silently ignoring
DEBUG: checkUniformParams:266: checkUniformParams: location=-1, ptr=0x61d0000f2880
DEBUG: checkUniformParams:273:   location < 0, silently ignoring
DEBUG: mglDrawElements:192: mglDrawElements: mode=4, count=12, type=5125, indices=0x0
DEBUG: mtlDrawElements called, count=12, VAO=0x618000024c80, program=2
DEBUG: DIRTY_STATE with clear_bitmask and no encoder - creating new encoder
DEBUG: newRenderEncoder called from:
  0   libmgl.dylib                        0x0000000103d71b0c -[MGLRenderer newRenderEncoder] + 392
  1   libmgl.dylib                        0x0000000103d8841c -[MGLRenderer processGLState:] + 5520
  2   libmgl.dylib                        0x0000000103d9dd5c -[MGLRenderer mtlDrawElements:mode:count:type:indices:] + 1736
  3   libmgl.dylib                        0x0000000103d9e860 mtlDrawElements + 300
  4   libmgl.dylib                        0x0000000103ae527c mglDrawElements + 1952
DEBUG: endRenderEncoding - encoder was already NULL
DEBUG: Checking clear: bitmask=0x4100, frameWasCleared=0
DEBUG: Will apply clear settings
DEBUG: Setting loadAction=Clear, clearColor=(0.90,0.22,0.16,1.00) [FRAME CLEAR]
DEBUG: Clearing clear_bitmask after applying clear settings
DEBUG: Creating render encoder, loadAction=2, texture=0x616000051c80
DEBUG: updateCurrentRenderEncoder: depth_test=0, stencil_test=0, blend=1
DEBUG: Setting viewport from ctx=0x62d000014400: x=0, y=0, width=1280, height=1280
DEBUG: bindVertexBuffersToCurrentRenderEncoder: count=4
  Buffer 0: size=64, offset=0
    Vertex data (first 9 floats): 0.00 0.00 0.00, 0.00 0.00 -0.00, 0.00 0.00 0.00
  Buffer 1: size=393216, offset=0
  Buffer 2: size=262144, offset=0
  Buffer 3: size=131072, offset=0
DEBUG: Plain uniform count for stage 0: 1
DEBUG:   Plain uniform[0]: location=0, binding=0, buf=0x608000057da0
DEBUG:     Added to buffer_map at index 0, Metal buffer index=0
DEBUG: Vertex buffer map after mapping: count=4
  [0] buf=0x608000057da0, attribute_mask=0x0, buffer_base_index=0
  [1] buf=0x608000050fa0, attribute_mask=0x1, buffer_base_index=0
  [2] buf=0x608000051020, attribute_mask=0x2, buffer_base_index=0
  [3] buf=0x608000051120, attribute_mask=0x4, buffer_base_index=0
DEBUG: Plain uniform count for stage 4: 0
DEBUG: DIRTY_VAO but encoder exists, rebinding buffers on existing encoder
DEBUG: bindVertexBuffersToCurrentRenderEncoder: count=4
  Buffer 0: size=64, offset=0
    Vertex data (first 9 floats): 0.00 0.00 0.00, 0.00 0.00 -0.00, 0.00 0.00 0.00
  Buffer 1: size=393216, offset=0
  Buffer 2: size=262144, offset=0
  Buffer 3: size=131072, offset=0
DEBUG: processGLState - looking up pipeline with key=0x61e1e3ce43a880 (program=2, VAO=0x618000024c80, FBO=0x0)
DEBUG: Pipeline cache HIT - reusing existing pipeline for program 2
DEBUG: mtlDrawElements processGLState returned 1, pipeline=0x61f0000c5c80
DEBUG: mtlDrawElements calling Metal drawIndexedPrimitives, count=12, offset=0
DEBUG: mtlDrawElements Metal draw complete
DEBUG: mglBindVertexArray: array=0, ptr=0x0, old_vao=0x618000024c80
DEBUG: ===== EndDrawing CALLED =====
DEBUG: mglBindVertexArray: array=1, ptr=0x618000024c80, old_vao=0x0
DEBUG: mglBindVertexArray: array=0, ptr=0x0, old_vao=0x618000024c80
DEBUG: mglUniformMatrix4fv:762: mglUniformMatrix4fv: location=0, count=1, transpose=0
DEBUG: mglUniformMatrix4fv:768:   Matrix[0]: [0.003 0.000 0.000 0.000] [0.000 -0.003 0.000 0.000] [0.000 0.000 -2.000 0.000] [-1.000 1.000 -1.000 1.000]
DEBUG: checkUniformParams:266: checkUniformParams: location=0, ptr=0x61d0000eba80
DEBUG: checkUniformParams:291:   OK
DEBUG: mglBindVertexArray: array=1, ptr=0x618000024c80, old_vao=0x0
DEBUG: checkUniformParams:266: checkUniformParams: location=1, ptr=0x61d0000eba80
DEBUG: checkUniformParams:291:   OK
DEBUG: checkUniformParams:266: checkUniformParams: location=-1, ptr=0x61d0000eba80
DEBUG: checkUniformParams:273:   location < 0, silently ignoring
DEBUG: mglDrawElements:192: mglDrawElements: mode=4, count=30, type=5125, indices=0x0
DEBUG: mtlDrawElements called, count=30, VAO=0x618000024c80, program=1
DEBUG: Plain uniform count for stage 0: 1
DEBUG:   Plain uniform[0]: location=0, binding=0, buf=0x608000057da0
DEBUG:     Added to buffer_map at index 0, Metal buffer index=0
DEBUG: Vertex buffer map after mapping: count=4
  [0] buf=0x608000057da0, attribute_mask=0x0, buffer_base_index=0
  [1] buf=0x608000050fa0, attribute_mask=0x1, buffer_base_index=0
  [2] buf=0x608000051020, attribute_mask=0x2, buffer_base_index=0
  [3] buf=0x608000051120, attribute_mask=0x4, buffer_base_index=0
DEBUG: Plain uniform count for stage 4: 1
DEBUG:   Plain uniform[0]: location=1, binding=0, buf=0x608000058a20
DEBUG:     Added to buffer_map at index 0, Metal buffer index=0
DEBUG: DIRTY_VAO but encoder exists, rebinding buffers on existing encoder
DEBUG: bindVertexBuffersToCurrentRenderEncoder: count=4
  Buffer 0: size=64, offset=0
    Vertex data (first 9 floats): 0.00 0.00 0.00, 0.00 0.00 -0.00, 0.00 0.00 0.00
  Buffer 1: size=393216, offset=0
  Buffer 2: size=262144, offset=0
  Buffer 3: size=131072, offset=0
DEBUG: processGLState - looking up pipeline with key=0x61e1e3ce423a80 (program=1, VAO=0x618000024c80, FBO=0x0)
DEBUG: Pipeline cache HIT - reusing existing pipeline for program 1
DEBUG: mtlDrawElements processGLState returned 1, pipeline=0x61f000091480
DEBUG: mtlDrawElements calling Metal drawIndexedPrimitives, count=30, offset=0
DEBUG: mtlDrawElements Metal draw complete
DEBUG: mglBindVertexArray: array=0, ptr=0x0, old_vao=0x618000024c80
DEBUG: About to call SwapScreenBuffer from EndDrawing
DEBUG: SwapScreenBuffer called (raylib)

===== MGLswapBuffers called from application =====
DEBUG: endRenderEncoding - ending encoder 0x60d00007bec0
DEBUG: endRenderEncoding - encoder set to NULL
===== MGLswapBuffers finished =====

DEBUG: glfwSwapBuffers returned
DEBUG: SwapScreenBuffer returned to EndDrawing
DEBUG: *** mglClear called with mask=0x4100 ***
DEBUG: *** clear_bitmask set to 0x4100 ***
DEBUG: rlGetShaderIdDefault() returning 1 (RLGL.State.defaultShaderId = 1)
DEBUG: mglBindVertexArray: array=1, ptr=0x618000024c80, old_vao=0x0
DEBUG: mglBindVertexArray: array=0, ptr=0x0, old_vao=0x618000024c80
DEBUG: mglUniformMatrix4fv:762: mglUniformMatrix4fv: location=0, count=1, transpose=0
DEBUG: mglUniformMatrix4fv:768:   Matrix[0]: [0.003 0.000 0.000 0.000] [0.000 -0.003 0.000 0.000] [0.000 0.000 -2.000 0.000] [-1.000 1.000 -1.000 1.000]
DEBUG: checkUniformParams:266: checkUniformParams: location=0, ptr=0x61d0000f2880
DEBUG: checkUniformParams:291:   OK
DEBUG: mglBindVertexArray: array=1, ptr=0x618000024c80, old_vao=0x0
DEBUG: checkUniformParams:266: checkUniformParams: location=-1, ptr=0x61d0000f2880
DEBUG: checkUniformParams:273:   location < 0, silently ignoring
DEBUG: checkUniformParams:266: checkUniformParams: location=-1, ptr=0x61d0000f2880
DEBUG: checkUniformParams:273:   location < 0, silently ignoring
DEBUG: mglDrawElements:192: mglDrawElements: mode=4, count=12, type=5125, indices=0x0
DEBUG: mtlDrawElements called, count=12, VAO=0x618000024c80, program=2
DEBUG: DIRTY_STATE with clear_bitmask and no encoder - creating new encoder
DEBUG: newRenderEncoder called from:
  0   libmgl.dylib                        0x0000000103d71b0c -[MGLRenderer newRenderEncoder] + 392
  1   libmgl.dylib                        0x0000000103d8841c -[MGLRenderer processGLState:] + 5520
  2   libmgl.dylib                        0x0000000103d9dd5c -[MGLRenderer mtlDrawElements:mode:count:type:indices:] + 1736
  3   libmgl.dylib                        0x0000000103d9e860 mtlDrawElements + 300
  4   libmgl.dylib                        0x0000000103ae527c mglDrawElements + 1952
DEBUG: endRenderEncoding - encoder was already NULL
DEBUG: Checking clear: bitmask=0x4100, frameWasCleared=0
DEBUG: Will apply clear settings
DEBUG: Setting loadAction=Clear, clearColor=(0.90,0.22,0.16,1.00) [FRAME CLEAR]
DEBUG: Clearing clear_bitmask after applying clear settings
DEBUG: Creating render encoder, loadAction=2, texture=0x61600005c780
DEBUG: updateCurrentRenderEncoder: depth_test=0, stencil_test=0, blend=1
DEBUG: Setting viewport from ctx=0x62d000014400: x=0, y=0, width=1280, height=1280
DEBUG: bindVertexBuffersToCurrentRenderEncoder: count=4
  Buffer 0: size=64, offset=0
    Vertex data (first 9 floats): 0.00 0.00 0.00, 0.00 0.00 -0.00, 0.00 0.00 0.00
  Buffer 1: size=393216, offset=0
  Buffer 2: size=262144, offset=0
  Buffer 3: size=131072, offset=0
DEBUG: Plain uniform count for stage 0: 1
DEBUG:   Plain uniform[0]: location=0, binding=0, buf=0x608000057da0
DEBUG:     Added to buffer_map at index 0, Metal buffer index=0
DEBUG: Vertex buffer map after mapping: count=4
  [0] buf=0x608000057da0, attribute_mask=0x0, buffer_base_index=0
  [1] buf=0x608000050fa0, attribute_mask=0x1, buffer_base_index=0
  [2] buf=0x608000051020, attribute_mask=0x2, buffer_base_index=0
  [3] buf=0x608000051120, attribute_mask=0x4, buffer_base_index=0
DEBUG: Plain uniform count for stage 4: 0
DEBUG: DIRTY_VAO but encoder exists, rebinding buffers on existing encoder
DEBUG: bindVertexBuffersToCurrentRenderEncoder: count=4
  Buffer 0: size=64, offset=0
    Vertex data (first 9 floats): 0.00 0.00 0.00, 0.00 0.00 -0.00, 0.00 0.00 0.00
  Buffer 1: size=393216, offset=0
  Buffer 2: size=262144, offset=0
  Buffer 3: size=131072, offset=0
DEBUG: processGLState - looking up pipeline with key=0x61e1e3ce43a880 (program=2, VAO=0x618000024c80, FBO=0x0)
DEBUG: Pipeline cache HIT - reusing existing pipeline for program 2
DEBUG: mtlDrawElements processGLState returned 1, pipeline=0x61f0000c5c80
DEBUG: mtlDrawElements calling Metal drawIndexedPrimitives, count=12, offset=0
DEBUG: mtlDrawElements Metal draw complete
DEBUG: mglBindVertexArray: array=0, ptr=0x0, old_vao=0x618000024c80
DEBUG: ===== EndDrawing CALLED =====
DEBUG: mglBindVertexArray: array=1, ptr=0x618000024c80, old_vao=0x0
DEBUG: mglBindVertexArray: array=0, ptr=0x0, old_vao=0x618000024c80
DEBUG: mglUniformMatrix4fv:762: mglUniformMatrix4fv: location=0, count=1, transpose=0
DEBUG: mglUniformMatrix4fv:768:   Matrix[0]: [0.003 0.000 0.000 0.000] [0.000 -0.003 0.000 0.000] [0.000 0.000 -2.000 0.000] [-1.000 1.000 -1.000 1.000]
DEBUG: checkUniformParams:266: checkUniformParams: location=0, ptr=0x61d0000eba80
DEBUG: checkUniformParams:291:   OK
DEBUG: mglBindVertexArray: array=1, ptr=0x618000024c80, old_vao=0x0
DEBUG: checkUniformParams:266: checkUniformParams: location=1, ptr=0x61d0000eba80
DEBUG: checkUniformParams:291:   OK
DEBUG: checkUniformParams:266: checkUniformParams: location=-1, ptr=0x61d0000eba80
DEBUG: checkUniformParams:273:   location < 0, silently ignoring
DEBUG: mglDrawElements:192: mglDrawElements: mode=4, count=30, type=5125, indices=0x0
DEBUG: mtlDrawElements called, count=30, VAO=0x618000024c80, program=1
DEBUG: Plain uniform count for stage 0: 1
DEBUG:   Plain uniform[0]: location=0, binding=0, buf=0x608000057da0
DEBUG:     Added to buffer_map at index 0, Metal buffer index=0
DEBUG: Vertex buffer map after mapping: count=4
  [0] buf=0x608000057da0, attribute_mask=0x0, buffer_base_index=0
  [1] buf=0x608000050fa0, attribute_mask=0x1, buffer_base_index=0
  [2] buf=0x608000051020, attribute_mask=0x2, buffer_base_index=0
  [3] buf=0x608000051120, attribute_mask=0x4, buffer_base_index=0
DEBUG: Plain uniform count for stage 4: 1
DEBUG:   Plain uniform[0]: location=1, binding=0, buf=0x608000058a20
DEBUG:     Added to buffer_map at index 0, Metal buffer index=0
DEBUG: DIRTY_VAO but encoder exists, rebinding buffers on existing encoder
DEBUG: bindVertexBuffersToCurrentRenderEncoder: count=4
  Buffer 0: size=64, offset=0
    Vertex data (first 9 floats): 0.00 0.00 0.00, 0.00 0.00 -0.00, 0.00 0.00 0.00
  Buffer 1: size=393216, offset=0
  Buffer 2: size=262144, offset=0
  Buffer 3: size=131072, offset=0
DEBUG: processGLState - looking up pipeline with key=0x61e1e3ce423a80 (program=1, VAO=0x618000024c80, FBO=0x0)
DEBUG: Pipeline cache HIT - reusing existing pipeline for program 1
DEBUG: mtlDrawElements processGLState returned 1, pipeline=0x61f000091480
DEBUG: mtlDrawElements calling Metal drawIndexedPrimitives, count=30, offset=0
DEBUG: mtlDrawElements Metal draw complete
DEBUG: mglBindVertexArray: array=0, ptr=0x0, old_vao=0x618000024c80
DEBUG: About to call SwapScreenBuffer from EndDrawing
DEBUG: SwapScreenBuffer called (raylib)

===== MGLswapBuffers called from application =====
DEBUG: endRenderEncoding - ending encoder 0x60d00007bf90
DEBUG: endRenderEncoding - encoder set to NULL
===== MGLswapBuffers finished =====

DEBUG: glfwSwapBuffers returned
DEBUG: SwapScreenBuffer returned to EndDrawing
DEBUG: *** mglClear called with mask=0x4100 ***
DEBUG: *** clear_bitmask set to 0x4100 ***
DEBUG: rlGetShaderIdDefault() returning 1 (RLGL.State.defaultShaderId = 1)
DEBUG: mglBindVertexArray: array=1, ptr=0x618000024c80, old_vao=0x0
DEBUG: mglBindVertexArray: array=0, ptr=0x0, old_vao=0x618000024c80
DEBUG: mglUniformMatrix4fv:762: mglUniformMatrix4fv: location=0, count=1, transpose=0
DEBUG: mglUniformMatrix4fv:768:   Matrix[0]: [0.003 0.000 0.000 0.000] [0.000 -0.003 0.000 0.000] [0.000 0.000 -2.000 0.000] [-1.000 1.000 -1.000 1.000]
DEBUG: checkUniformParams:266: checkUniformParams: location=0, ptr=0x61d0000f2880
DEBUG: checkUniformParams:291:   OK
DEBUG: mglBindVertexArray: array=1, ptr=0x618000024c80, old_vao=0x0
DEBUG: checkUniformParams:266: checkUniformParams: location=-1, ptr=0x61d0000f2880
DEBUG: checkUniformParams:273:   location < 0, silently ignoring
DEBUG: checkUniformParams:266: checkUniformParams: location=-1, ptr=0x61d0000f2880
DEBUG: checkUniformParams:273:   location < 0, silently ignoring
DEBUG: mglDrawElements:192: mglDrawElements: mode=4, count=12, type=5125, indices=0x0
DEBUG: mtlDrawElements called, count=12, VAO=0x618000024c80, program=2
DEBUG: DIRTY_STATE with clear_bitmask and no encoder - creating new encoder
DEBUG: newRenderEncoder called from:
  0   libmgl.dylib                        0x0000000103d71b0c -[MGLRenderer newRenderEncoder] + 392
  1   libmgl.dylib                        0x0000000103d8841c -[MGLRenderer processGLState:] + 5520
  2   libmgl.dylib                        0x0000000103d9dd5c -[MGLRenderer mtlDrawElements:mode:count:type:indices:] + 1736
  3   libmgl.dylib                        0x0000000103d9e860 mtlDrawElements + 300
  4   libmgl.dylib                        0x0000000103ae527c mglDrawElements + 1952
DEBUG: endRenderEncoding - encoder was already NULL
DEBUG: Checking clear: bitmask=0x4100, frameWasCleared=0
DEBUG: Will apply clear settings
DEBUG: Setting loadAction=Clear, clearColor=(0.90,0.22,0.16,1.00) [FRAME CLEAR]
DEBUG: Clearing clear_bitmask after applying clear settings
DEBUG: Creating render encoder, loadAction=2, texture=0x616000051680
DEBUG: updateCurrentRenderEncoder: depth_test=0, stencil_test=0, blend=1
DEBUG: Setting viewport from ctx=0x62d000014400: x=0, y=0, width=1280, height=1280
DEBUG: bindVertexBuffersToCurrentRenderEncoder: count=4
  Buffer 0: size=64, offset=0
    Vertex data (first 9 floats): 0.00 0.00 0.00, 0.00 0.00 -0.00, 0.00 0.00 0.00
  Buffer 1: size=393216, offset=0
  Buffer 2: size=262144, offset=0
  Buffer 3: size=131072, offset=0
DEBUG: Plain uniform count for stage 0: 1
DEBUG:   Plain uniform[0]: location=0, binding=0, buf=0x608000057da0
DEBUG:     Added to buffer_map at index 0, Metal buffer index=0
DEBUG: Vertex buffer map after mapping: count=4
  [0] buf=0x608000057da0, attribute_mask=0x0, buffer_base_index=0
  [1] buf=0x608000050fa0, attribute_mask=0x1, buffer_base_index=0
  [2] buf=0x608000051020, attribute_mask=0x2, buffer_base_index=0
  [3] buf=0x608000051120, attribute_mask=0x4, buffer_base_index=0
DEBUG: Plain uniform count for stage 4: 0
DEBUG: DIRTY_VAO but encoder exists, rebinding buffers on existing encoder
DEBUG: bindVertexBuffersToCurrentRenderEncoder: count=4
  Buffer 0: size=64, offset=0
    Vertex data (first 9 floats): 0.00 0.00 0.00, 0.00 0.00 -0.00, 0.00 0.00 0.00
  Buffer 1: size=393216, offset=0
  Buffer 2: size=262144, offset=0
  Buffer 3: size=131072, offset=0
DEBUG: processGLState - looking up pipeline with key=0x61e1e3ce43a880 (program=2, VAO=0x618000024c80, FBO=0x0)
DEBUG: Pipeline cache HIT - reusing existing pipeline for program 2
DEBUG: mtlDrawElements processGLState returned 1, pipeline=0x61f0000c5c80
DEBUG: mtlDrawElements calling Metal drawIndexedPrimitives, count=12, offset=0
DEBUG: mtlDrawElements Metal draw complete
DEBUG: mglBindVertexArray: array=0, ptr=0x0, old_vao=0x618000024c80
DEBUG: ===== EndDrawing CALLED =====
DEBUG: mglBindVertexArray: array=1, ptr=0x618000024c80, old_vao=0x0
DEBUG: mglBindVertexArray: array=0, ptr=0x0, old_vao=0x618000024c80
DEBUG: mglUniformMatrix4fv:762: mglUniformMatrix4fv: location=0, count=1, transpose=0
DEBUG: mglUniformMatrix4fv:768:   Matrix[0]: [0.003 0.000 0.000 0.000] [0.000 -0.003 0.000 0.000] [0.000 0.000 -2.000 0.000] [-1.000 1.000 -1.000 1.000]
DEBUG: checkUniformParams:266: checkUniformParams: location=0, ptr=0x61d0000eba80
DEBUG: checkUniformParams:291:   OK
DEBUG: mglBindVertexArray: array=1, ptr=0x618000024c80, old_vao=0x0
DEBUG: checkUniformParams:266: checkUniformParams: location=1, ptr=0x61d0000eba80
DEBUG: checkUniformParams:291:   OK
DEBUG: checkUniformParams:266: checkUniformParams: location=-1, ptr=0x61d0000eba80
DEBUG: checkUniformParams:273:   location < 0, silently ignoring
DEBUG: mglDrawElements:192: mglDrawElements: mode=4, count=30, type=5125, indices=0x0
DEBUG: mtlDrawElements called, count=30, VAO=0x618000024c80, program=1
DEBUG: Plain uniform count for stage 0: 1
DEBUG:   Plain uniform[0]: location=0, binding=0, buf=0x608000057da0
DEBUG:     Added to buffer_map at index 0, Metal buffer index=0
DEBUG: Vertex buffer map after mapping: count=4
  [0] buf=0x608000057da0, attribute_mask=0x0, buffer_base_index=0
  [1] buf=0x608000050fa0, attribute_mask=0x1, buffer_base_index=0
  [2] buf=0x608000051020, attribute_mask=0x2, buffer_base_index=0
  [3] buf=0x608000051120, attribute_mask=0x4, buffer_base_index=0
DEBUG: Plain uniform count for stage 4: 1
DEBUG:   Plain uniform[0]: location=1, binding=0, buf=0x608000058a20
DEBUG:     Added to buffer_map at index 0, Metal buffer index=0
DEBUG: DIRTY_VAO but encoder exists, rebinding buffers on existing encoder
DEBUG: bindVertexBuffersToCurrentRenderEncoder: count=4
  Buffer 0: size=64, offset=0
    Vertex data (first 9 floats): 0.00 0.00 0.00, 0.00 0.00 -0.00, 0.00 0.00 0.00
  Buffer 1: size=393216, offset=0
  Buffer 2: size=262144, offset=0
  Buffer 3: size=131072, offset=0
DEBUG: processGLState - looking up pipeline with key=0x61e1e3ce423a80 (program=1, VAO=0x618000024c80, FBO=0x0)
DEBUG: Pipeline cache HIT - reusing existing pipeline for program 1
DEBUG: mtlDrawElements processGLState returned 1, pipeline=0x61f000091480
DEBUG: mtlDrawElements calling Metal drawIndexedPrimitives, count=30, offset=0
DEBUG: mtlDrawElements Metal draw complete
DEBUG: mglBindVertexArray: array=0, ptr=0x0, old_vao=0x618000024c80
DEBUG: About to call SwapScreenBuffer from EndDrawing
DEBUG: SwapScreenBuffer called (raylib)

===== MGLswapBuffers called from application =====
DEBUG: endRenderEncoding - ending encoder 0x60d00007c060
DEBUG: endRenderEncoding - encoder set to NULL
===== MGLswapBuffers finished =====

DEBUG: glfwSwapBuffers returned
DEBUG: SwapScreenBuffer returned to EndDrawing
DEBUG: *** mglClear called with mask=0x4100 ***
DEBUG: *** clear_bitmask set to 0x4100 ***
DEBUG: rlGetShaderIdDefault() returning 1 (RLGL.State.defaultShaderId = 1)
DEBUG: mglBindVertexArray: array=1, ptr=0x618000024c80, old_vao=0x0
DEBUG: mglBindVertexArray: array=0, ptr=0x0, old_vao=0x618000024c80
DEBUG: mglUniformMatrix4fv:762: mglUniformMatrix4fv: location=0, count=1, transpose=0
DEBUG: mglUniformMatrix4fv:768:   Matrix[0]: [0.003 0.000 0.000 0.000] [0.000 -0.003 0.000 0.000] [0.000 0.000 -2.000 0.000] [-1.000 1.000 -1.000 1.000]
DEBUG: checkUniformParams:266: checkUniformParams: location=0, ptr=0x61d0000f2880
DEBUG: checkUniformParams:291:   OK
DEBUG: mglBindVertexArray: array=1, ptr=0x618000024c80, old_vao=0x0
DEBUG: checkUniformParams:266: checkUniformParams: location=-1, ptr=0x61d0000f2880
DEBUG: checkUniformParams:273:   location < 0, silently ignoring
DEBUG: checkUniformParams:266: checkUniformParams: location=-1, ptr=0x61d0000f2880
DEBUG: checkUniformParams:273:   location < 0, silently ignoring
DEBUG: mglDrawElements:192: mglDrawElements: mode=4, count=12, type=5125, indices=0x0
DEBUG: mtlDrawElements called, count=12, VAO=0x618000024c80, program=2
DEBUG: DIRTY_STATE with clear_bitmask and no encoder - creating new encoder
DEBUG: newRenderEncoder called from:
  0   libmgl.dylib                        0x0000000103d71b0c -[MGLRenderer newRenderEncoder] + 392
  1   libmgl.dylib                        0x0000000103d8841c -[MGLRenderer processGLState:] + 5520
  2   libmgl.dylib                        0x0000000103d9dd5c -[MGLRenderer mtlDrawElements:mode:count:type:indices:] + 1736
  3   libmgl.dylib                        0x0000000103d9e860 mtlDrawElements + 300
  4   libmgl.dylib                        0x0000000103ae527c mglDrawElements + 1952
DEBUG: endRenderEncoding - encoder was already NULL
DEBUG: Checking clear: bitmask=0x4100, frameWasCleared=0
DEBUG: Will apply clear settings
DEBUG: Setting loadAction=Clear, clearColor=(0.90,0.22,0.16,1.00) [FRAME CLEAR]
DEBUG: Clearing clear_bitmask after applying clear settings
DEBUG: Creating render encoder, loadAction=2, texture=0x616000051c80
DEBUG: updateCurrentRenderEncoder: depth_test=0, stencil_test=0, blend=1
DEBUG: Setting viewport from ctx=0x62d000014400: x=0, y=0, width=1280, height=1280
DEBUG: bindVertexBuffersToCurrentRenderEncoder: count=4
  Buffer 0: size=64, offset=0
    Vertex data (first 9 floats): 0.00 0.00 0.00, 0.00 0.00 -0.00, 0.00 0.00 0.00
  Buffer 1: size=393216, offset=0
  Buffer 2: size=262144, offset=0
  Buffer 3: size=131072, offset=0
DEBUG: Plain uniform count for stage 0: 1
DEBUG:   Plain uniform[0]: location=0, binding=0, buf=0x608000057da0
DEBUG:     Added to buffer_map at index 0, Metal buffer index=0
DEBUG: Vertex buffer map after mapping: count=4
  [0] buf=0x608000057da0, attribute_mask=0x0, buffer_base_index=0
  [1] buf=0x608000050fa0, attribute_mask=0x1, buffer_base_index=0
  [2] buf=0x608000051020, attribute_mask=0x2, buffer_base_index=0
  [3] buf=0x608000051120, attribute_mask=0x4, buffer_base_index=0
DEBUG: Plain uniform count for stage 4: 0
DEBUG: DIRTY_VAO but encoder exists, rebinding buffers on existing encoder
DEBUG: bindVertexBuffersToCurrentRenderEncoder: count=4
  Buffer 0: size=64, offset=0
    Vertex data (first 9 floats): 0.00 0.00 0.00, 0.00 0.00 -0.00, 0.00 0.00 0.00
  Buffer 1: size=393216, offset=0
  Buffer 2: size=262144, offset=0
  Buffer 3: size=131072, offset=0
DEBUG: processGLState - looking up pipeline with key=0x61e1e3ce43a880 (program=2, VAO=0x618000024c80, FBO=0x0)
DEBUG: Pipeline cache HIT - reusing existing pipeline for program 2
DEBUG: mtlDrawElements processGLState returned 1, pipeline=0x61f0000c5c80
DEBUG: mtlDrawElements calling Metal drawIndexedPrimitives, count=12, offset=0
DEBUG: mtlDrawElements Metal draw complete
DEBUG: mglBindVertexArray: array=0, ptr=0x0, old_vao=0x618000024c80
DEBUG: ===== EndDrawing CALLED =====
DEBUG: mglBindVertexArray: array=1, ptr=0x618000024c80, old_vao=0x0
DEBUG: mglBindVertexArray: array=0, ptr=0x0, old_vao=0x618000024c80
DEBUG: mglUniformMatrix4fv:762: mglUniformMatrix4fv: location=0, count=1, transpose=0
DEBUG: mglUniformMatrix4fv:768:   Matrix[0]: [0.003 0.000 0.000 0.000] [0.000 -0.003 0.000 0.000] [0.000 0.000 -2.000 0.000] [-1.000 1.000 -1.000 1.000]
DEBUG: checkUniformParams:266: checkUniformParams: location=0, ptr=0x61d0000eba80
DEBUG: checkUniformParams:291:   OK
DEBUG: mglBindVertexArray: array=1, ptr=0x618000024c80, old_vao=0x0
DEBUG: checkUniformParams:266: checkUniformParams: location=1, ptr=0x61d0000eba80
DEBUG: checkUniformParams:291:   OK
DEBUG: checkUniformParams:266: checkUniformParams: location=-1, ptr=0x61d0000eba80
DEBUG: checkUniformParams:273:   location < 0, silently ignoring
DEBUG: mglDrawElements:192: mglDrawElements: mode=4, count=30, type=5125, indices=0x0
DEBUG: mtlDrawElements called, count=30, VAO=0x618000024c80, program=1
DEBUG: Plain uniform count for stage 0: 1
DEBUG:   Plain uniform[0]: location=0, binding=0, buf=0x608000057da0
DEBUG:     Added to buffer_map at index 0, Metal buffer index=0
DEBUG: Vertex buffer map after mapping: count=4
  [0] buf=0x608000057da0, attribute_mask=0x0, buffer_base_index=0
  [1] buf=0x608000050fa0, attribute_mask=0x1, buffer_base_index=0
  [2] buf=0x608000051020, attribute_mask=0x2, buffer_base_index=0
  [3] buf=0x608000051120, attribute_mask=0x4, buffer_base_index=0
DEBUG: Plain uniform count for stage 4: 1
DEBUG:   Plain uniform[0]: location=1, binding=0, buf=0x608000058a20
DEBUG:     Added to buffer_map at index 0, Metal buffer index=0
DEBUG: DIRTY_VAO but encoder exists, rebinding buffers on existing encoder
DEBUG: bindVertexBuffersToCurrentRenderEncoder: count=4
  Buffer 0: size=64, offset=0
    Vertex data (first 9 floats): 0.00 0.00 0.00, 0.00 0.00 -0.00, 0.00 0.00 0.00
  Buffer 1: size=393216, offset=0
  Buffer 2: size=262144, offset=0
  Buffer 3: size=131072, offset=0
DEBUG: processGLState - looking up pipeline with key=0x61e1e3ce423a80 (program=1, VAO=0x618000024c80, FBO=0x0)
DEBUG: Pipeline cache HIT - reusing existing pipeline for program 1
DEBUG: mtlDrawElements processGLState returned 1, pipeline=0x61f000091480
DEBUG: mtlDrawElements calling Metal drawIndexedPrimitives, count=30, offset=0
DEBUG: mtlDrawElements Metal draw complete
DEBUG: mglBindVertexArray: array=0, ptr=0x0, old_vao=0x618000024c80
DEBUG: About to call SwapScreenBuffer from EndDrawing
DEBUG: SwapScreenBuffer called (raylib)

===== MGLswapBuffers called from application =====
DEBUG: endRenderEncoding - ending encoder 0x60d00007c130
DEBUG: endRenderEncoding - encoder set to NULL
===== MGLswapBuffers finished =====

DEBUG: glfwSwapBuffers returned
DEBUG: SwapScreenBuffer returned to EndDrawing
DEBUG: *** mglClear called with mask=0x4100 ***
DEBUG: *** clear_bitmask set to 0x4100 ***
DEBUG: rlGetShaderIdDefault() returning 1 (RLGL.State.defaultShaderId = 1)
DEBUG: mglBindVertexArray: array=1, ptr=0x618000024c80, old_vao=0x0
DEBUG: mglBindVertexArray: array=0, ptr=0x0, old_vao=0x618000024c80
DEBUG: mglUniformMatrix4fv:762: mglUniformMatrix4fv: location=0, count=1, transpose=0
DEBUG: mglUniformMatrix4fv:768:   Matrix[0]: [0.003 0.000 0.000 0.000] [0.000 -0.003 0.000 0.000] [0.000 0.000 -2.000 0.000] [-1.000 1.000 -1.000 1.000]
DEBUG: checkUniformParams:266: checkUniformParams: location=0, ptr=0x61d0000f2880
DEBUG: checkUniformParams:291:   OK
DEBUG: mglBindVertexArray: array=1, ptr=0x618000024c80, old_vao=0x0
DEBUG: checkUniformParams:266: checkUniformParams: location=-1, ptr=0x61d0000f2880
DEBUG: checkUniformParams:273:   location < 0, silently ignoring
DEBUG: checkUniformParams:266: checkUniformParams: location=-1, ptr=0x61d0000f2880
DEBUG: checkUniformParams:273:   location < 0, silently ignoring
DEBUG: mglDrawElements:192: mglDrawElements: mode=4, count=12, type=5125, indices=0x0
DEBUG: mtlDrawElements called, count=12, VAO=0x618000024c80, program=2
DEBUG: DIRTY_STATE with clear_bitmask and no encoder - creating new encoder
DEBUG: newRenderEncoder called from:
  0   libmgl.dylib                        0x0000000103d71b0c -[MGLRenderer newRenderEncoder] + 392
  1   libmgl.dylib                        0x0000000103d8841c -[MGLRenderer processGLState:] + 5520
  2   libmgl.dylib                        0x0000000103d9dd5c -[MGLRenderer mtlDrawElements:mode:count:type:indices:] + 1736
  3   libmgl.dylib                        0x0000000103d9e860 mtlDrawElements + 300
  4   libmgl.dylib                        0x0000000103ae527c mglDrawElements + 1952
DEBUG: endRenderEncoding - encoder was already NULL
DEBUG: Checking clear: bitmask=0x4100, frameWasCleared=0
DEBUG: Will apply clear settings
DEBUG: Setting loadAction=Clear, clearColor=(0.90,0.22,0.16,1.00) [FRAME CLEAR]
DEBUG: Clearing clear_bitmask after applying clear settings
DEBUG: Creating render encoder, loadAction=2, texture=0x61600005c780
DEBUG: updateCurrentRenderEncoder: depth_test=0, stencil_test=0, blend=1
DEBUG: Setting viewport from ctx=0x62d000014400: x=0, y=0, width=1280, height=1280
DEBUG: bindVertexBuffersToCurrentRenderEncoder: count=4
  Buffer 0: size=64, offset=0
    Vertex data (first 9 floats): 0.00 0.00 0.00, 0.00 0.00 -0.00, 0.00 0.00 0.00
  Buffer 1: size=393216, offset=0
  Buffer 2: size=262144, offset=0
  Buffer 3: size=131072, offset=0
DEBUG: Plain uniform count for stage 0: 1
DEBUG:   Plain uniform[0]: location=0, binding=0, buf=0x608000057da0
DEBUG:     Added to buffer_map at index 0, Metal buffer index=0
DEBUG: Vertex buffer map after mapping: count=4
  [0] buf=0x608000057da0, attribute_mask=0x0, buffer_base_index=0
  [1] buf=0x608000050fa0, attribute_mask=0x1, buffer_base_index=0
  [2] buf=0x608000051020, attribute_mask=0x2, buffer_base_index=0
  [3] buf=0x608000051120, attribute_mask=0x4, buffer_base_index=0
DEBUG: Plain uniform count for stage 4: 0
DEBUG: DIRTY_VAO but encoder exists, rebinding buffers on existing encoder
DEBUG: bindVertexBuffersToCurrentRenderEncoder: count=4
  Buffer 0: size=64, offset=0
    Vertex data (first 9 floats): 0.00 0.00 0.00, 0.00 0.00 -0.00, 0.00 0.00 0.00
  Buffer 1: size=393216, offset=0
  Buffer 2: size=262144, offset=0
  Buffer 3: size=131072, offset=0
DEBUG: processGLState - looking up pipeline with key=0x61e1e3ce43a880 (program=2, VAO=0x618000024c80, FBO=0x0)
DEBUG: Pipeline cache HIT - reusing existing pipeline for program 2
DEBUG: mtlDrawElements processGLState returned 1, pipeline=0x61f0000c5c80
DEBUG: mtlDrawElements calling Metal drawIndexedPrimitives, count=12, offset=0
DEBUG: mtlDrawElements Metal draw complete
DEBUG: mglBindVertexArray: array=0, ptr=0x0, old_vao=0x618000024c80
DEBUG: ===== EndDrawing CALLED =====
DEBUG: mglBindVertexArray: array=1, ptr=0x618000024c80, old_vao=0x0
DEBUG: mglBindVertexArray: array=0, ptr=0x0, old_vao=0x618000024c80
DEBUG: mglUniformMatrix4fv:762: mglUniformMatrix4fv: location=0, count=1, transpose=0
DEBUG: mglUniformMatrix4fv:768:   Matrix[0]: [0.003 0.000 0.000 0.000] [0.000 -0.003 0.000 0.000] [0.000 0.000 -2.000 0.000] [-1.000 1.000 -1.000 1.000]
DEBUG: checkUniformParams:266: checkUniformParams: location=0, ptr=0x61d0000eba80
DEBUG: checkUniformParams:291:   OK
DEBUG: mglBindVertexArray: array=1, ptr=0x618000024c80, old_vao=0x0
DEBUG: checkUniformParams:266: checkUniformParams: location=1, ptr=0x61d0000eba80
DEBUG: checkUniformParams:291:   OK
DEBUG: checkUniformParams:266: checkUniformParams: location=-1, ptr=0x61d0000eba80
DEBUG: checkUniformParams:273:   location < 0, silently ignoring
DEBUG: mglDrawElements:192: mglDrawElements: mode=4, count=30, type=5125, indices=0x0
DEBUG: mtlDrawElements called, count=30, VAO=0x618000024c80, program=1
DEBUG: Plain uniform count for stage 0: 1
DEBUG:   Plain uniform[0]: location=0, binding=0, buf=0x608000057da0
DEBUG:     Added to buffer_map at index 0, Metal buffer index=0
DEBUG: Vertex buffer map after mapping: count=4
  [0] buf=0x608000057da0, attribute_mask=0x0, buffer_base_index=0
  [1] buf=0x608000050fa0, attribute_mask=0x1, buffer_base_index=0
  [2] buf=0x608000051020, attribute_mask=0x2, buffer_base_index=0
  [3] buf=0x608000051120, attribute_mask=0x4, buffer_base_index=0
DEBUG: Plain uniform count for stage 4: 1
DEBUG:   Plain uniform[0]: location=1, binding=0, buf=0x608000058a20
DEBUG:     Added to buffer_map at index 0, Metal buffer index=0
DEBUG: DIRTY_VAO but encoder exists, rebinding buffers on existing encoder
DEBUG: bindVertexBuffersToCurrentRenderEncoder: count=4
  Buffer 0: size=64, offset=0
    Vertex data (first 9 floats): 0.00 0.00 0.00, 0.00 0.00 -0.00, 0.00 0.00 0.00
  Buffer 1: size=393216, offset=0
  Buffer 2: size=262144, offset=0
  Buffer 3: size=131072, offset=0
DEBUG: processGLState - looking up pipeline with key=0x61e1e3ce423a80 (program=1, VAO=0x618000024c80, FBO=0x0)
DEBUG: Pipeline cache HIT - reusing existing pipeline for program 1
DEBUG: mtlDrawElements processGLState returned 1, pipeline=0x61f000091480
DEBUG: mtlDrawElements calling Metal drawIndexedPrimitives, count=30, offset=0
DEBUG: mtlDrawElements Metal draw complete
DEBUG: mglBindVertexArray: array=0, ptr=0x0, old_vao=0x618000024c80
DEBUG: About to call SwapScreenBuffer from EndDrawing
DEBUG: SwapScreenBuffer called (raylib)

===== MGLswapBuffers called from application =====
DEBUG: endRenderEncoding - ending encoder 0x60d00007c200
DEBUG: endRenderEncoding - encoder set to NULL
===== MGLswapBuffers finished =====

DEBUG: glfwSwapBuffers returned
DEBUG: SwapScreenBuffer returned to EndDrawing
DEBUG: *** mglClear called with mask=0x4100 ***
DEBUG: *** clear_bitmask set to 0x4100 ***
DEBUG: rlGetShaderIdDefault() returning 1 (RLGL.State.defaultShaderId = 1)
DEBUG: mglBindVertexArray: array=1, ptr=0x618000024c80, old_vao=0x0
DEBUG: mglBindVertexArray: array=0, ptr=0x0, old_vao=0x618000024c80
DEBUG: mglUniformMatrix4fv:762: mglUniformMatrix4fv: location=0, count=1, transpose=0
DEBUG: mglUniformMatrix4fv:768:   Matrix[0]: [0.003 0.000 0.000 0.000] [0.000 -0.003 0.000 0.000] [0.000 0.000 -2.000 0.000] [-1.000 1.000 -1.000 1.000]
DEBUG: checkUniformParams:266: checkUniformParams: location=0, ptr=0x61d0000f2880
DEBUG: checkUniformParams:291:   OK
DEBUG: mglBindVertexArray: array=1, ptr=0x618000024c80, old_vao=0x0
DEBUG: checkUniformParams:266: checkUniformParams: location=-1, ptr=0x61d0000f2880
DEBUG: checkUniformParams:273:   location < 0, silently ignoring
DEBUG: checkUniformParams:266: checkUniformParams: location=-1, ptr=0x61d0000f2880
DEBUG: checkUniformParams:273:   location < 0, silently ignoring
DEBUG: mglDrawElements:192: mglDrawElements: mode=4, count=12, type=5125, indices=0x0
DEBUG: mtlDrawElements called, count=12, VAO=0x618000024c80, program=2
DEBUG: DIRTY_STATE with clear_bitmask and no encoder - creating new encoder
DEBUG: newRenderEncoder called from:
  0   libmgl.dylib                        0x0000000103d71b0c -[MGLRenderer newRenderEncoder] + 392
  1   libmgl.dylib                        0x0000000103d8841c -[MGLRenderer processGLState:] + 5520
  2   libmgl.dylib                        0x0000000103d9dd5c -[MGLRenderer mtlDrawElements:mode:count:type:indices:] + 1736
  3   libmgl.dylib                        0x0000000103d9e860 mtlDrawElements + 300
  4   libmgl.dylib                        0x0000000103ae527c mglDrawElements + 1952
DEBUG: endRenderEncoding - encoder was already NULL
DEBUG: Checking clear: bitmask=0x4100, frameWasCleared=0
DEBUG: Will apply clear settings
DEBUG: Setting loadAction=Clear, clearColor=(0.90,0.22,0.16,1.00) [FRAME CLEAR]
DEBUG: Clearing clear_bitmask after applying clear settings
DEBUG: Creating render encoder, loadAction=2, texture=0x616000051680
DEBUG: updateCurrentRenderEncoder: depth_test=0, stencil_test=0, blend=1
DEBUG: Setting viewport from ctx=0x62d000014400: x=0, y=0, width=1280, height=1280
DEBUG: bindVertexBuffersToCurrentRenderEncoder: count=4
  Buffer 0: size=64, offset=0
    Vertex data (first 9 floats): 0.00 0.00 0.00, 0.00 0.00 -0.00, 0.00 0.00 0.00
  Buffer 1: size=393216, offset=0
  Buffer 2: size=262144, offset=0
  Buffer 3: size=131072, offset=0
DEBUG: Plain uniform count for stage 0: 1
DEBUG:   Plain uniform[0]: location=0, binding=0, buf=0x608000057da0
DEBUG:     Added to buffer_map at index 0, Metal buffer index=0
DEBUG: Vertex buffer map after mapping: count=4
  [0] buf=0x608000057da0, attribute_mask=0x0, buffer_base_index=0
  [1] buf=0x608000050fa0, attribute_mask=0x1, buffer_base_index=0
  [2] buf=0x608000051020, attribute_mask=0x2, buffer_base_index=0
  [3] buf=0x608000051120, attribute_mask=0x4, buffer_base_index=0
DEBUG: Plain uniform count for stage 4: 0
DEBUG: DIRTY_VAO but encoder exists, rebinding buffers on existing encoder
DEBUG: bindVertexBuffersToCurrentRenderEncoder: count=4
  Buffer 0: size=64, offset=0
    Vertex data (first 9 floats): 0.00 0.00 0.00, 0.00 0.00 -0.00, 0.00 0.00 0.00
  Buffer 1: size=393216, offset=0
  Buffer 2: size=262144, offset=0
  Buffer 3: size=131072, offset=0
DEBUG: processGLState - looking up pipeline with key=0x61e1e3ce43a880 (program=2, VAO=0x618000024c80, FBO=0x0)
DEBUG: Pipeline cache HIT - reusing existing pipeline for program 2
DEBUG: mtlDrawElements processGLState returned 1, pipeline=0x61f0000c5c80
DEBUG: mtlDrawElements calling Metal drawIndexedPrimitives, count=12, offset=0
DEBUG: mtlDrawElements Metal draw complete
DEBUG: mglBindVertexArray: array=0, ptr=0x0, old_vao=0x618000024c80
DEBUG: ===== EndDrawing CALLED =====
DEBUG: mglBindVertexArray: array=1, ptr=0x618000024c80, old_vao=0x0
DEBUG: mglBindVertexArray: array=0, ptr=0x0, old_vao=0x618000024c80
DEBUG: mglUniformMatrix4fv:762: mglUniformMatrix4fv: location=0, count=1, transpose=0
DEBUG: mglUniformMatrix4fv:768:   Matrix[0]: [0.003 0.000 0.000 0.000] [0.000 -0.003 0.000 0.000] [0.000 0.000 -2.000 0.000] [-1.000 1.000 -1.000 1.000]
DEBUG: checkUniformParams:266: checkUniformParams: location=0, ptr=0x61d0000eba80
DEBUG: checkUniformParams:291:   OK
DEBUG: mglBindVertexArray: array=1, ptr=0x618000024c80, old_vao=0x0
DEBUG: checkUniformParams:266: checkUniformParams: location=1, ptr=0x61d0000eba80
DEBUG: checkUniformParams:291:   OK
DEBUG: checkUniformParams:266: checkUniformParams: location=-1, ptr=0x61d0000eba80
DEBUG: checkUniformParams:273:   location < 0, silently ignoring
DEBUG: mglDrawElements:192: mglDrawElements: mode=4, count=30, type=5125, indices=0x0
DEBUG: mtlDrawElements called, count=30, VAO=0x618000024c80, program=1
DEBUG: Plain uniform count for stage 0: 1
DEBUG:   Plain uniform[0]: location=0, binding=0, buf=0x608000057da0
DEBUG:     Added to buffer_map at index 0, Metal buffer index=0
DEBUG: Vertex buffer map after mapping: count=4
  [0] buf=0x608000057da0, attribute_mask=0x0, buffer_base_index=0
  [1] buf=0x608000050fa0, attribute_mask=0x1, buffer_base_index=0
  [2] buf=0x608000051020, attribute_mask=0x2, buffer_base_index=0
  [3] buf=0x608000051120, attribute_mask=0x4, buffer_base_index=0
DEBUG: Plain uniform count for stage 4: 1
DEBUG:   Plain uniform[0]: location=1, binding=0, buf=0x608000058a20
DEBUG:     Added to buffer_map at index 0, Metal buffer index=0
DEBUG: DIRTY_VAO but encoder exists, rebinding buffers on existing encoder
DEBUG: bindVertexBuffersToCurrentRenderEncoder: count=4
  Buffer 0: size=64, offset=0
    Vertex data (first 9 floats): 0.00 0.00 0.00, 0.00 0.00 -0.00, 0.00 0.00 0.00
  Buffer 1: size=393216, offset=0
  Buffer 2: size=262144, offset=0
  Buffer 3: size=131072, offset=0
DEBUG: processGLState - looking up pipeline with key=0x61e1e3ce423a80 (program=1, VAO=0x618000024c80, FBO=0x0)
DEBUG: Pipeline cache HIT - reusing existing pipeline for program 1
DEBUG: mtlDrawElements processGLState returned 1, pipeline=0x61f000091480
DEBUG: mtlDrawElements calling Metal drawIndexedPrimitives, count=30, offset=0
DEBUG: mtlDrawElements Metal draw complete
DEBUG: mglBindVertexArray: array=0, ptr=0x0, old_vao=0x618000024c80
DEBUG: About to call SwapScreenBuffer from EndDrawing
DEBUG: SwapScreenBuffer called (raylib)

===== MGLswapBuffers called from application =====
DEBUG: endRenderEncoding - ending encoder 0x60d00007c2d0
DEBUG: endRenderEncoding - encoder set to NULL
===== MGLswapBuffers finished =====

DEBUG: glfwSwapBuffers returned
DEBUG: SwapScreenBuffer returned to EndDrawing
DEBUG: *** mglClear called with mask=0x4100 ***
DEBUG: *** clear_bitmask set to 0x4100 ***
DEBUG: rlGetShaderIdDefault() returning 1 (RLGL.State.defaultShaderId = 1)
DEBUG: mglBindVertexArray: array=1, ptr=0x618000024c80, old_vao=0x0
DEBUG: mglBindVertexArray: array=0, ptr=0x0, old_vao=0x618000024c80
DEBUG: mglUniformMatrix4fv:762: mglUniformMatrix4fv: location=0, count=1, transpose=0
DEBUG: mglUniformMatrix4fv:768:   Matrix[0]: [0.003 0.000 0.000 0.000] [0.000 -0.003 0.000 0.000] [0.000 0.000 -2.000 0.000] [-1.000 1.000 -1.000 1.000]
DEBUG: checkUniformParams:266: checkUniformParams: location=0, ptr=0x61d0000f2880
DEBUG: checkUniformParams:291:   OK
DEBUG: mglBindVertexArray: array=1, ptr=0x618000024c80, old_vao=0x0
DEBUG: checkUniformParams:266: checkUniformParams: location=-1, ptr=0x61d0000f2880
DEBUG: checkUniformParams:273:   location < 0, silently ignoring
DEBUG: checkUniformParams:266: checkUniformParams: location=-1, ptr=0x61d0000f2880
DEBUG: checkUniformParams:273:   location < 0, silently ignoring
DEBUG: mglDrawElements:192: mglDrawElements: mode=4, count=12, type=5125, indices=0x0
DEBUG: mtlDrawElements called, count=12, VAO=0x618000024c80, program=2
DEBUG: DIRTY_STATE with clear_bitmask and no encoder - creating new encoder
DEBUG: newRenderEncoder called from:
  0   libmgl.dylib                        0x0000000103d71b0c -[MGLRenderer newRenderEncoder] + 392
  1   libmgl.dylib                        0x0000000103d8841c -[MGLRenderer processGLState:] + 5520
  2   libmgl.dylib                        0x0000000103d9dd5c -[MGLRenderer mtlDrawElements:mode:count:type:indices:] + 1736
  3   libmgl.dylib                        0x0000000103d9e860 mtlDrawElements + 300
  4   libmgl.dylib                        0x0000000103ae527c mglDrawElements + 1952
DEBUG: endRenderEncoding - encoder was already NULL
DEBUG: Checking clear: bitmask=0x4100, frameWasCleared=0
DEBUG: Will apply clear settings
DEBUG: Setting loadAction=Clear, clearColor=(0.90,0.22,0.16,1.00) [FRAME CLEAR]
DEBUG: Clearing clear_bitmask after applying clear settings
DEBUG: Creating render encoder, loadAction=2, texture=0x616000051c80
DEBUG: updateCurrentRenderEncoder: depth_test=0, stencil_test=0, blend=1
DEBUG: Setting viewport from ctx=0x62d000014400: x=0, y=0, width=1280, height=1280
DEBUG: bindVertexBuffersToCurrentRenderEncoder: count=4
  Buffer 0: size=64, offset=0
    Vertex data (first 9 floats): 0.00 0.00 0.00, 0.00 0.00 -0.00, 0.00 0.00 0.00
  Buffer 1: size=393216, offset=0
  Buffer 2: size=262144, offset=0
  Buffer 3: size=131072, offset=0
DEBUG: Plain uniform count for stage 0: 1
DEBUG:   Plain uniform[0]: location=0, binding=0, buf=0x608000057da0
DEBUG:     Added to buffer_map at index 0, Metal buffer index=0
DEBUG: Vertex buffer map after mapping: count=4
  [0] buf=0x608000057da0, attribute_mask=0x0, buffer_base_index=0
  [1] buf=0x608000050fa0, attribute_mask=0x1, buffer_base_index=0
  [2] buf=0x608000051020, attribute_mask=0x2, buffer_base_index=0
  [3] buf=0x608000051120, attribute_mask=0x4, buffer_base_index=0
DEBUG: Plain uniform count for stage 4: 0
DEBUG: DIRTY_VAO but encoder exists, rebinding buffers on existing encoder
DEBUG: bindVertexBuffersToCurrentRenderEncoder: count=4
  Buffer 0: size=64, offset=0
    Vertex data (first 9 floats): 0.00 0.00 0.00, 0.00 0.00 -0.00, 0.00 0.00 0.00
  Buffer 1: size=393216, offset=0
  Buffer 2: size=262144, offset=0
  Buffer 3: size=131072, offset=0
DEBUG: processGLState - looking up pipeline with key=0x61e1e3ce43a880 (program=2, VAO=0x618000024c80, FBO=0x0)
DEBUG: Pipeline cache HIT - reusing existing pipeline for program 2
DEBUG: mtlDrawElements processGLState returned 1, pipeline=0x61f0000c5c80
DEBUG: mtlDrawElements calling Metal drawIndexedPrimitives, count=12, offset=0
DEBUG: mtlDrawElements Metal draw complete
DEBUG: mglBindVertexArray: array=0, ptr=0x0, old_vao=0x618000024c80
DEBUG: ===== EndDrawing CALLED =====
DEBUG: mglBindVertexArray: array=1, ptr=0x618000024c80, old_vao=0x0
DEBUG: mglBindVertexArray: array=0, ptr=0x0, old_vao=0x618000024c80
DEBUG: mglUniformMatrix4fv:762: mglUniformMatrix4fv: location=0, count=1, transpose=0
DEBUG: mglUniformMatrix4fv:768:   Matrix[0]: [0.003 0.000 0.000 0.000] [0.000 -0.003 0.000 0.000] [0.000 0.000 -2.000 0.000] [-1.000 1.000 -1.000 1.000]
DEBUG: checkUniformParams:266: checkUniformParams: location=0, ptr=0x61d0000eba80
DEBUG: checkUniformParams:291:   OK
DEBUG: mglBindVertexArray: array=1, ptr=0x618000024c80, old_vao=0x0
DEBUG: checkUniformParams:266: checkUniformParams: location=1, ptr=0x61d0000eba80
DEBUG: checkUniformParams:291:   OK
DEBUG: checkUniformParams:266: checkUniformParams: location=-1, ptr=0x61d0000eba80
DEBUG: checkUniformParams:273:   location < 0, silently ignoring
DEBUG: mglDrawElements:192: mglDrawElements: mode=4, count=30, type=5125, indices=0x0
DEBUG: mtlDrawElements called, count=30, VAO=0x618000024c80, program=1
DEBUG: Plain uniform count for stage 0: 1
DEBUG:   Plain uniform[0]: location=0, binding=0, buf=0x608000057da0
DEBUG:     Added to buffer_map at index 0, Metal buffer index=0
DEBUG: Vertex buffer map after mapping: count=4
  [0] buf=0x608000057da0, attribute_mask=0x0, buffer_base_index=0
  [1] buf=0x608000050fa0, attribute_mask=0x1, buffer_base_index=0
  [2] buf=0x608000051020, attribute_mask=0x2, buffer_base_index=0
  [3] buf=0x608000051120, attribute_mask=0x4, buffer_base_index=0
DEBUG: Plain uniform count for stage 4: 1
DEBUG:   Plain uniform[0]: location=1, binding=0, buf=0x608000058a20
DEBUG:     Added to buffer_map at index 0, Metal buffer index=0
DEBUG: DIRTY_VAO but encoder exists, rebinding buffers on existing encoder
DEBUG: bindVertexBuffersToCurrentRenderEncoder: count=4
  Buffer 0: size=64, offset=0
    Vertex data (first 9 floats): 0.00 0.00 0.00, 0.00 0.00 -0.00, 0.00 0.00 0.00
  Buffer 1: size=393216, offset=0
  Buffer 2: size=262144, offset=0
  Buffer 3: size=131072, offset=0
DEBUG: processGLState - looking up pipeline with key=0x61e1e3ce423a80 (program=1, VAO=0x618000024c80, FBO=0x0)
DEBUG: Pipeline cache HIT - reusing existing pipeline for program 1
DEBUG: mtlDrawElements processGLState returned 1, pipeline=0x61f000091480
DEBUG: mtlDrawElements calling Metal drawIndexedPrimitives, count=30, offset=0
DEBUG: mtlDrawElements Metal draw complete
DEBUG: mglBindVertexArray: array=0, ptr=0x0, old_vao=0x618000024c80
DEBUG: About to call SwapScreenBuffer from EndDrawing
DEBUG: SwapScreenBuffer called (raylib)

===== MGLswapBuffers called from application =====
DEBUG: endRenderEncoding - ending encoder 0x60d00007c3a0
DEBUG: endRenderEncoding - encoder set to NULL
===== MGLswapBuffers finished =====

DEBUG: glfwSwapBuffers returned
DEBUG: SwapScreenBuffer returned to EndDrawing
DEBUG: *** mglClear called with mask=0x4100 ***
DEBUG: *** clear_bitmask set to 0x4100 ***
DEBUG: rlGetShaderIdDefault() returning 1 (RLGL.State.defaultShaderId = 1)
DEBUG: mglBindVertexArray: array=1, ptr=0x618000024c80, old_vao=0x0
DEBUG: mglBindVertexArray: array=0, ptr=0x0, old_vao=0x618000024c80
DEBUG: mglUniformMatrix4fv:762: mglUniformMatrix4fv: location=0, count=1, transpose=0
DEBUG: mglUniformMatrix4fv:768:   Matrix[0]: [0.003 0.000 0.000 0.000] [0.000 -0.003 0.000 0.000] [0.000 0.000 -2.000 0.000] [-1.000 1.000 -1.000 1.000]
DEBUG: checkUniformParams:266: checkUniformParams: location=0, ptr=0x61d0000f2880
DEBUG: checkUniformParams:291:   OK
DEBUG: mglBindVertexArray: array=1, ptr=0x618000024c80, old_vao=0x0
DEBUG: checkUniformParams:266: checkUniformParams: location=-1, ptr=0x61d0000f2880
DEBUG: checkUniformParams:273:   location < 0, silently ignoring
DEBUG: checkUniformParams:266: checkUniformParams: location=-1, ptr=0x61d0000f2880
DEBUG: checkUniformParams:273:   location < 0, silently ignoring
DEBUG: mglDrawElements:192: mglDrawElements: mode=4, count=12, type=5125, indices=0x0
DEBUG: mtlDrawElements called, count=12, VAO=0x618000024c80, program=2
DEBUG: DIRTY_STATE with clear_bitmask and no encoder - creating new encoder
DEBUG: newRenderEncoder called from:
  0   libmgl.dylib                        0x0000000103d71b0c -[MGLRenderer newRenderEncoder] + 392
  1   libmgl.dylib                        0x0000000103d8841c -[MGLRenderer processGLState:] + 5520
  2   libmgl.dylib                        0x0000000103d9dd5c -[MGLRenderer mtlDrawElements:mode:count:type:indices:] + 1736
  3   libmgl.dylib                        0x0000000103d9e860 mtlDrawElements + 300
  4   libmgl.dylib                        0x0000000103ae527c mglDrawElements + 1952
DEBUG: endRenderEncoding - encoder was already NULL
DEBUG: Checking clear: bitmask=0x4100, frameWasCleared=0
DEBUG: Will apply clear settings
DEBUG: Setting loadAction=Clear, clearColor=(0.90,0.22,0.16,1.00) [FRAME CLEAR]
DEBUG: Clearing clear_bitmask after applying clear settings
DEBUG: Creating render encoder, loadAction=2, texture=0x61600005c780
DEBUG: updateCurrentRenderEncoder: depth_test=0, stencil_test=0, blend=1
DEBUG: Setting viewport from ctx=0x62d000014400: x=0, y=0, width=1280, height=1280
DEBUG: bindVertexBuffersToCurrentRenderEncoder: count=4
  Buffer 0: size=64, offset=0
    Vertex data (first 9 floats): 0.00 0.00 0.00, 0.00 0.00 -0.00, 0.00 0.00 0.00
  Buffer 1: size=393216, offset=0
  Buffer 2: size=262144, offset=0
  Buffer 3: size=131072, offset=0
DEBUG: Plain uniform count for stage 0: 1
DEBUG:   Plain uniform[0]: location=0, binding=0, buf=0x608000057da0
DEBUG:     Added to buffer_map at index 0, Metal buffer index=0
DEBUG: Vertex buffer map after mapping: count=4
  [0] buf=0x608000057da0, attribute_mask=0x0, buffer_base_index=0
  [1] buf=0x608000050fa0, attribute_mask=0x1, buffer_base_index=0
  [2] buf=0x608000051020, attribute_mask=0x2, buffer_base_index=0
  [3] buf=0x608000051120, attribute_mask=0x4, buffer_base_index=0
DEBUG: Plain uniform count for stage 4: 0
DEBUG: DIRTY_VAO but encoder exists, rebinding buffers on existing encoder
DEBUG: bindVertexBuffersToCurrentRenderEncoder: count=4
  Buffer 0: size=64, offset=0
    Vertex data (first 9 floats): 0.00 0.00 0.00, 0.00 0.00 -0.00, 0.00 0.00 0.00
  Buffer 1: size=393216, offset=0
  Buffer 2: size=262144, offset=0
  Buffer 3: size=131072, offset=0
DEBUG: processGLState - looking up pipeline with key=0x61e1e3ce43a880 (program=2, VAO=0x618000024c80, FBO=0x0)
DEBUG: Pipeline cache HIT - reusing existing pipeline for program 2
DEBUG: mtlDrawElements processGLState returned 1, pipeline=0x61f0000c5c80
DEBUG: mtlDrawElements calling Metal drawIndexedPrimitives, count=12, offset=0
DEBUG: mtlDrawElements Metal draw complete
DEBUG: mglBindVertexArray: array=0, ptr=0x0, old_vao=0x618000024c80
DEBUG: ===== EndDrawing CALLED =====
DEBUG: mglBindVertexArray: array=1, ptr=0x618000024c80, old_vao=0x0
DEBUG: mglBindVertexArray: array=0, ptr=0x0, old_vao=0x618000024c80
DEBUG: mglUniformMatrix4fv:762: mglUniformMatrix4fv: location=0, count=1, transpose=0
DEBUG: mglUniformMatrix4fv:768:   Matrix[0]: [0.003 0.000 0.000 0.000] [0.000 -0.003 0.000 0.000] [0.000 0.000 -2.000 0.000] [-1.000 1.000 -1.000 1.000]
DEBUG: checkUniformParams:266: checkUniformParams: location=0, ptr=0x61d0000eba80
DEBUG: checkUniformParams:291:   OK
DEBUG: mglBindVertexArray: array=1, ptr=0x618000024c80, old_vao=0x0
DEBUG: checkUniformParams:266: checkUniformParams: location=1, ptr=0x61d0000eba80
DEBUG: checkUniformParams:291:   OK
DEBUG: checkUniformParams:266: checkUniformParams: location=-1, ptr=0x61d0000eba80
DEBUG: checkUniformParams:273:   location < 0, silently ignoring
DEBUG: mglDrawElements:192: mglDrawElements: mode=4, count=30, type=5125, indices=0x0
DEBUG: mtlDrawElements called, count=30, VAO=0x618000024c80, program=1
DEBUG: Plain uniform count for stage 0: 1
DEBUG:   Plain uniform[0]: location=0, binding=0, buf=0x608000057da0
DEBUG:     Added to buffer_map at index 0, Metal buffer index=0
DEBUG: Vertex buffer map after mapping: count=4
  [0] buf=0x608000057da0, attribute_mask=0x0, buffer_base_index=0
  [1] buf=0x608000050fa0, attribute_mask=0x1, buffer_base_index=0
  [2] buf=0x608000051020, attribute_mask=0x2, buffer_base_index=0
  [3] buf=0x608000051120, attribute_mask=0x4, buffer_base_index=0
DEBUG: Plain uniform count for stage 4: 1
DEBUG:   Plain uniform[0]: location=1, binding=0, buf=0x608000058a20
DEBUG:     Added to buffer_map at index 0, Metal buffer index=0
DEBUG: DIRTY_VAO but encoder exists, rebinding buffers on existing encoder
DEBUG: bindVertexBuffersToCurrentRenderEncoder: count=4
  Buffer 0: size=64, offset=0
    Vertex data (first 9 floats): 0.00 0.00 0.00, 0.00 0.00 -0.00, 0.00 0.00 0.00
  Buffer 1: size=393216, offset=0
  Buffer 2: size=262144, offset=0
  Buffer 3: size=131072, offset=0
DEBUG: processGLState - looking up pipeline with key=0x61e1e3ce423a80 (program=1, VAO=0x618000024c80, FBO=0x0)
DEBUG: Pipeline cache HIT - reusing existing pipeline for program 1
DEBUG: mtlDrawElements processGLState returned 1, pipeline=0x61f000091480
DEBUG: mtlDrawElements calling Metal drawIndexedPrimitives, count=30, offset=0
DEBUG: mtlDrawElements Metal draw complete
DEBUG: mglBindVertexArray: array=0, ptr=0x0, old_vao=0x618000024c80
DEBUG: About to call SwapScreenBuffer from EndDrawing
DEBUG: SwapScreenBuffer called (raylib)

===== MGLswapBuffers called from application =====
DEBUG: endRenderEncoding - ending encoder 0x60d00007c470
DEBUG: endRenderEncoding - encoder set to NULL
===== MGLswapBuffers finished =====

DEBUG: glfwSwapBuffers returned
DEBUG: SwapScreenBuffer returned to EndDrawing
DEBUG: *** mglClear called with mask=0x4100 ***
DEBUG: *** clear_bitmask set to 0x4100 ***
DEBUG: rlGetShaderIdDefault() returning 1 (RLGL.State.defaultShaderId = 1)
DEBUG: mglBindVertexArray: array=1, ptr=0x618000024c80, old_vao=0x0
DEBUG: mglBindVertexArray: array=0, ptr=0x0, old_vao=0x618000024c80
DEBUG: mglUniformMatrix4fv:762: mglUniformMatrix4fv: location=0, count=1, transpose=0
DEBUG: mglUniformMatrix4fv:768:   Matrix[0]: [0.003 0.000 0.000 0.000] [0.000 -0.003 0.000 0.000] [0.000 0.000 -2.000 0.000] [-1.000 1.000 -1.000 1.000]
DEBUG: checkUniformParams:266: checkUniformParams: location=0, ptr=0x61d0000f2880
DEBUG: checkUniformParams:291:   OK
DEBUG: mglBindVertexArray: array=1, ptr=0x618000024c80, old_vao=0x0
DEBUG: checkUniformParams:266: checkUniformParams: location=-1, ptr=0x61d0000f2880
DEBUG: checkUniformParams:273:   location < 0, silently ignoring
DEBUG: checkUniformParams:266: checkUniformParams: location=-1, ptr=0x61d0000f2880
DEBUG: checkUniformParams:273:   location < 0, silently ignoring
DEBUG: mglDrawElements:192: mglDrawElements: mode=4, count=12, type=5125, indices=0x0
DEBUG: mtlDrawElements called, count=12, VAO=0x618000024c80, program=2
DEBUG: DIRTY_STATE with clear_bitmask and no encoder - creating new encoder
DEBUG: newRenderEncoder called from:
  0   libmgl.dylib                        0x0000000103d71b0c -[MGLRenderer newRenderEncoder] + 392
  1   libmgl.dylib                        0x0000000103d8841c -[MGLRenderer processGLState:] + 5520
  2   libmgl.dylib                        0x0000000103d9dd5c -[MGLRenderer mtlDrawElements:mode:count:type:indices:] + 1736
  3   libmgl.dylib                        0x0000000103d9e860 mtlDrawElements + 300
  4   libmgl.dylib                        0x0000000103ae527c mglDrawElements + 1952
DEBUG: endRenderEncoding - encoder was already NULL
DEBUG: Checking clear: bitmask=0x4100, frameWasCleared=0
DEBUG: Will apply clear settings
DEBUG: Setting loadAction=Clear, clearColor=(0.90,0.22,0.16,1.00) [FRAME CLEAR]
DEBUG: Clearing clear_bitmask after applying clear settings
DEBUG: Creating render encoder, loadAction=2, texture=0x616000051680
DEBUG: updateCurrentRenderEncoder: depth_test=0, stencil_test=0, blend=1
DEBUG: Setting viewport from ctx=0x62d000014400: x=0, y=0, width=1280, height=1280
DEBUG: bindVertexBuffersToCurrentRenderEncoder: count=4
  Buffer 0: size=64, offset=0
    Vertex data (first 9 floats): 0.00 0.00 0.00, 0.00 0.00 -0.00, 0.00 0.00 0.00
  Buffer 1: size=393216, offset=0
  Buffer 2: size=262144, offset=0
  Buffer 3: size=131072, offset=0
DEBUG: Plain uniform count for stage 0: 1
DEBUG:   Plain uniform[0]: location=0, binding=0, buf=0x608000057da0
DEBUG:     Added to buffer_map at index 0, Metal buffer index=0
DEBUG: Vertex buffer map after mapping: count=4
  [0] buf=0x608000057da0, attribute_mask=0x0, buffer_base_index=0
  [1] buf=0x608000050fa0, attribute_mask=0x1, buffer_base_index=0
  [2] buf=0x608000051020, attribute_mask=0x2, buffer_base_index=0
  [3] buf=0x608000051120, attribute_mask=0x4, buffer_base_index=0
DEBUG: Plain uniform count for stage 4: 0
DEBUG: DIRTY_VAO but encoder exists, rebinding buffers on existing encoder
DEBUG: bindVertexBuffersToCurrentRenderEncoder: count=4
  Buffer 0: size=64, offset=0
    Vertex data (first 9 floats): 0.00 0.00 0.00, 0.00 0.00 -0.00, 0.00 0.00 0.00
  Buffer 1: size=393216, offset=0
  Buffer 2: size=262144, offset=0
  Buffer 3: size=131072, offset=0
DEBUG: processGLState - looking up pipeline with key=0x61e1e3ce43a880 (program=2, VAO=0x618000024c80, FBO=0x0)
DEBUG: Pipeline cache HIT - reusing existing pipeline for program 2
DEBUG: mtlDrawElements processGLState returned 1, pipeline=0x61f0000c5c80
DEBUG: mtlDrawElements calling Metal drawIndexedPrimitives, count=12, offset=0
DEBUG: mtlDrawElements Metal draw complete
DEBUG: mglBindVertexArray: array=0, ptr=0x0, old_vao=0x618000024c80
DEBUG: ===== EndDrawing CALLED =====
DEBUG: mglBindVertexArray: array=1, ptr=0x618000024c80, old_vao=0x0
DEBUG: mglBindVertexArray: array=0, ptr=0x0, old_vao=0x618000024c80
DEBUG: mglUniformMatrix4fv:762: mglUniformMatrix4fv: location=0, count=1, transpose=0
DEBUG: mglUniformMatrix4fv:768:   Matrix[0]: [0.003 0.000 0.000 0.000] [0.000 -0.003 0.000 0.000] [0.000 0.000 -2.000 0.000] [-1.000 1.000 -1.000 1.000]
DEBUG: checkUniformParams:266: checkUniformParams: location=0, ptr=0x61d0000eba80
DEBUG: checkUniformParams:291:   OK
DEBUG: mglBindVertexArray: array=1, ptr=0x618000024c80, old_vao=0x0
DEBUG: checkUniformParams:266: checkUniformParams: location=1, ptr=0x61d0000eba80
DEBUG: checkUniformParams:291:   OK
DEBUG: checkUniformParams:266: checkUniformParams: location=-1, ptr=0x61d0000eba80
DEBUG: checkUniformParams:273:   location < 0, silently ignoring
DEBUG: mglDrawElements:192: mglDrawElements: mode=4, count=30, type=5125, indices=0x0
DEBUG: mtlDrawElements called, count=30, VAO=0x618000024c80, program=1
DEBUG: Plain uniform count for stage 0: 1
DEBUG:   Plain uniform[0]: location=0, binding=0, buf=0x608000057da0
DEBUG:     Added to buffer_map at index 0, Metal buffer index=0
DEBUG: Vertex buffer map after mapping: count=4
  [0] buf=0x608000057da0, attribute_mask=0x0, buffer_base_index=0
  [1] buf=0x608000050fa0, attribute_mask=0x1, buffer_base_index=0
  [2] buf=0x608000051020, attribute_mask=0x2, buffer_base_index=0
  [3] buf=0x608000051120, attribute_mask=0x4, buffer_base_index=0
DEBUG: Plain uniform count for stage 4: 1
DEBUG:   Plain uniform[0]: location=1, binding=0, buf=0x608000058a20
DEBUG:     Added to buffer_map at index 0, Metal buffer index=0
DEBUG: DIRTY_VAO but encoder exists, rebinding buffers on existing encoder
DEBUG: bindVertexBuffersToCurrentRenderEncoder: count=4
  Buffer 0: size=64, offset=0
    Vertex data (first 9 floats): 0.00 0.00 0.00, 0.00 0.00 -0.00, 0.00 0.00 0.00
  Buffer 1: size=393216, offset=0
  Buffer 2: size=262144, offset=0
  Buffer 3: size=131072, offset=0
DEBUG: processGLState - looking up pipeline with key=0x61e1e3ce423a80 (program=1, VAO=0x618000024c80, FBO=0x0)
DEBUG: Pipeline cache HIT - reusing existing pipeline for program 1
DEBUG: mtlDrawElements processGLState returned 1, pipeline=0x61f000091480
DEBUG: mtlDrawElements calling Metal drawIndexedPrimitives, count=30, offset=0
DEBUG: mtlDrawElements Metal draw complete
DEBUG: mglBindVertexArray: array=0, ptr=0x0, old_vao=0x618000024c80
DEBUG: About to call SwapScreenBuffer from EndDrawing
DEBUG: SwapScreenBuffer called (raylib)

===== MGLswapBuffers called from application =====
DEBUG: endRenderEncoding - ending encoder 0x60d00007c540
DEBUG: endRenderEncoding - encoder set to NULL
===== MGLswapBuffers finished =====

DEBUG: glfwSwapBuffers returned
DEBUG: SwapScreenBuffer returned to EndDrawing
DEBUG: *** mglClear called with mask=0x4100 ***
DEBUG: *** clear_bitmask set to 0x4100 ***
DEBUG: rlGetShaderIdDefault() returning 1 (RLGL.State.defaultShaderId = 1)
DEBUG: mglBindVertexArray: array=1, ptr=0x618000024c80, old_vao=0x0
DEBUG: mglBindVertexArray: array=0, ptr=0x0, old_vao=0x618000024c80
DEBUG: mglUniformMatrix4fv:762: mglUniformMatrix4fv: location=0, count=1, transpose=0
DEBUG: mglUniformMatrix4fv:768:   Matrix[0]: [0.003 0.000 0.000 0.000] [0.000 -0.003 0.000 0.000] [0.000 0.000 -2.000 0.000] [-1.000 1.000 -1.000 1.000]
DEBUG: checkUniformParams:266: checkUniformParams: location=0, ptr=0x61d0000f2880
DEBUG: checkUniformParams:291:   OK
DEBUG: mglBindVertexArray: array=1, ptr=0x618000024c80, old_vao=0x0
DEBUG: checkUniformParams:266: checkUniformParams: location=-1, ptr=0x61d0000f2880
DEBUG: checkUniformParams:273:   location < 0, silently ignoring
DEBUG: checkUniformParams:266: checkUniformParams: location=-1, ptr=0x61d0000f2880
DEBUG: checkUniformParams:273:   location < 0, silently ignoring
DEBUG: mglDrawElements:192: mglDrawElements: mode=4, count=12, type=5125, indices=0x0
DEBUG: mtlDrawElements called, count=12, VAO=0x618000024c80, program=2
DEBUG: DIRTY_STATE with clear_bitmask and no encoder - creating new encoder
DEBUG: newRenderEncoder called from:
  0   libmgl.dylib                        0x0000000103d71b0c -[MGLRenderer newRenderEncoder] + 392
  1   libmgl.dylib                        0x0000000103d8841c -[MGLRenderer processGLState:] + 5520
  2   libmgl.dylib                        0x0000000103d9dd5c -[MGLRenderer mtlDrawElements:mode:count:type:indices:] + 1736
  3   libmgl.dylib                        0x0000000103d9e860 mtlDrawElements + 300
  4   libmgl.dylib                        0x0000000103ae527c mglDrawElements + 1952
DEBUG: endRenderEncoding - encoder was already NULL
DEBUG: Checking clear: bitmask=0x4100, frameWasCleared=0
DEBUG: Will apply clear settings
DEBUG: Setting loadAction=Clear, clearColor=(0.90,0.22,0.16,1.00) [FRAME CLEAR]
DEBUG: Clearing clear_bitmask after applying clear settings
DEBUG: Creating render encoder, loadAction=2, texture=0x616000051c80
DEBUG: updateCurrentRenderEncoder: depth_test=0, stencil_test=0, blend=1
DEBUG: Setting viewport from ctx=0x62d000014400: x=0, y=0, width=1280, height=1280
DEBUG: bindVertexBuffersToCurrentRenderEncoder: count=4
  Buffer 0: size=64, offset=0
    Vertex data (first 9 floats): 0.00 0.00 0.00, 0.00 0.00 -0.00, 0.00 0.00 0.00
  Buffer 1: size=393216, offset=0
  Buffer 2: size=262144, offset=0
  Buffer 3: size=131072, offset=0
DEBUG: Plain uniform count for stage 0: 1
DEBUG:   Plain uniform[0]: location=0, binding=0, buf=0x608000057da0
DEBUG:     Added to buffer_map at index 0, Metal buffer index=0
DEBUG: Vertex buffer map after mapping: count=4
  [0] buf=0x608000057da0, attribute_mask=0x0, buffer_base_index=0
  [1] buf=0x608000050fa0, attribute_mask=0x1, buffer_base_index=0
  [2] buf=0x608000051020, attribute_mask=0x2, buffer_base_index=0
  [3] buf=0x608000051120, attribute_mask=0x4, buffer_base_index=0
DEBUG: Plain uniform count for stage 4: 0
DEBUG: DIRTY_VAO but encoder exists, rebinding buffers on existing encoder
DEBUG: bindVertexBuffersToCurrentRenderEncoder: count=4
  Buffer 0: size=64, offset=0
    Vertex data (first 9 floats): 0.00 0.00 0.00, 0.00 0.00 -0.00, 0.00 0.00 0.00
  Buffer 1: size=393216, offset=0
  Buffer 2: size=262144, offset=0
  Buffer 3: size=131072, offset=0
DEBUG: processGLState - looking up pipeline with key=0x61e1e3ce43a880 (program=2, VAO=0x618000024c80, FBO=0x0)
DEBUG: Pipeline cache HIT - reusing existing pipeline for program 2
DEBUG: mtlDrawElements processGLState returned 1, pipeline=0x61f0000c5c80
DEBUG: mtlDrawElements calling Metal drawIndexedPrimitives, count=12, offset=0
DEBUG: mtlDrawElements Metal draw complete
DEBUG: mglBindVertexArray: array=0, ptr=0x0, old_vao=0x618000024c80
DEBUG: ===== EndDrawing CALLED =====
DEBUG: mglBindVertexArray: array=1, ptr=0x618000024c80, old_vao=0x0
DEBUG: mglBindVertexArray: array=0, ptr=0x0, old_vao=0x618000024c80
DEBUG: mglUniformMatrix4fv:762: mglUniformMatrix4fv: location=0, count=1, transpose=0
DEBUG: mglUniformMatrix4fv:768:   Matrix[0]: [0.003 0.000 0.000 0.000] [0.000 -0.003 0.000 0.000] [0.000 0.000 -2.000 0.000] [-1.000 1.000 -1.000 1.000]
DEBUG: checkUniformParams:266: checkUniformParams: location=0, ptr=0x61d0000eba80
DEBUG: checkUniformParams:291:   OK
DEBUG: mglBindVertexArray: array=1, ptr=0x618000024c80, old_vao=0x0
DEBUG: checkUniformParams:266: checkUniformParams: location=1, ptr=0x61d0000eba80
DEBUG: checkUniformParams:291:   OK
DEBUG: checkUniformParams:266: checkUniformParams: location=-1, ptr=0x61d0000eba80
DEBUG: checkUniformParams:273:   location < 0, silently ignoring
DEBUG: mglDrawElements:192: mglDrawElements: mode=4, count=30, type=5125, indices=0x0
DEBUG: mtlDrawElements called, count=30, VAO=0x618000024c80, program=1
DEBUG: Plain uniform count for stage 0: 1
DEBUG:   Plain uniform[0]: location=0, binding=0, buf=0x608000057da0
DEBUG:     Added to buffer_map at index 0, Metal buffer index=0
DEBUG: Vertex buffer map after mapping: count=4
  [0] buf=0x608000057da0, attribute_mask=0x0, buffer_base_index=0
  [1] buf=0x608000050fa0, attribute_mask=0x1, buffer_base_index=0
  [2] buf=0x608000051020, attribute_mask=0x2, buffer_base_index=0
  [3] buf=0x608000051120, attribute_mask=0x4, buffer_base_index=0
DEBUG: Plain uniform count for stage 4: 1
DEBUG:   Plain uniform[0]: location=1, binding=0, buf=0x608000058a20
DEBUG:     Added to buffer_map at index 0, Metal buffer index=0
DEBUG: DIRTY_VAO but encoder exists, rebinding buffers on existing encoder
DEBUG: bindVertexBuffersToCurrentRenderEncoder: count=4
  Buffer 0: size=64, offset=0
    Vertex data (first 9 floats): 0.00 0.00 0.00, 0.00 0.00 -0.00, 0.00 0.00 0.00
  Buffer 1: size=393216, offset=0
  Buffer 2: size=262144, offset=0
  Buffer 3: size=131072, offset=0
DEBUG: processGLState - looking up pipeline with key=0x61e1e3ce423a80 (program=1, VAO=0x618000024c80, FBO=0x0)
DEBUG: Pipeline cache HIT - reusing existing pipeline for program 1
DEBUG: mtlDrawElements processGLState returned 1, pipeline=0x61f000091480
DEBUG: mtlDrawElements calling Metal drawIndexedPrimitives, count=30, offset=0
DEBUG: mtlDrawElements Metal draw complete
DEBUG: mglBindVertexArray: array=0, ptr=0x0, old_vao=0x618000024c80
DEBUG: About to call SwapScreenBuffer from EndDrawing
DEBUG: SwapScreenBuffer called (raylib)

===== MGLswapBuffers called from application =====
DEBUG: endRenderEncoding - ending encoder 0x60d00007c610
DEBUG: endRenderEncoding - encoder set to NULL
===== MGLswapBuffers finished =====

DEBUG: glfwSwapBuffers returned
DEBUG: SwapScreenBuffer returned to EndDrawing
DEBUG: *** mglClear called with mask=0x4100 ***
DEBUG: *** clear_bitmask set to 0x4100 ***
DEBUG: rlGetShaderIdDefault() returning 1 (RLGL.State.defaultShaderId = 1)
DEBUG: mglBindVertexArray: array=1, ptr=0x618000024c80, old_vao=0x0
DEBUG: mglBindVertexArray: array=0, ptr=0x0, old_vao=0x618000024c80
DEBUG: mglUniformMatrix4fv:762: mglUniformMatrix4fv: location=0, count=1, transpose=0
DEBUG: mglUniformMatrix4fv:768:   Matrix[0]: [0.003 0.000 0.000 0.000] [0.000 -0.003 0.000 0.000] [0.000 0.000 -2.000 0.000] [-1.000 1.000 -1.000 1.000]
DEBUG: checkUniformParams:266: checkUniformParams: location=0, ptr=0x61d0000f2880
DEBUG: checkUniformParams:291:   OK
DEBUG: mglBindVertexArray: array=1, ptr=0x618000024c80, old_vao=0x0
DEBUG: checkUniformParams:266: checkUniformParams: location=-1, ptr=0x61d0000f2880
DEBUG: checkUniformParams:273:   location < 0, silently ignoring
DEBUG: checkUniformParams:266: checkUniformParams: location=-1, ptr=0x61d0000f2880
DEBUG: checkUniformParams:273:   location < 0, silently ignoring
DEBUG: mglDrawElements:192: mglDrawElements: mode=4, count=12, type=5125, indices=0x0
DEBUG: mtlDrawElements called, count=12, VAO=0x618000024c80, program=2
DEBUG: DIRTY_STATE with clear_bitmask and no encoder - creating new encoder
DEBUG: newRenderEncoder called from:
  0   libmgl.dylib                        0x0000000103d71b0c -[MGLRenderer newRenderEncoder] + 392
  1   libmgl.dylib                        0x0000000103d8841c -[MGLRenderer processGLState:] + 5520
  2   libmgl.dylib                        0x0000000103d9dd5c -[MGLRenderer mtlDrawElements:mode:count:type:indices:] + 1736
  3   libmgl.dylib                        0x0000000103d9e860 mtlDrawElements + 300
  4   libmgl.dylib                        0x0000000103ae527c mglDrawElements + 1952
DEBUG: endRenderEncoding - encoder was already NULL
DEBUG: Checking clear: bitmask=0x4100, frameWasCleared=0
DEBUG: Will apply clear settings
DEBUG: Setting loadAction=Clear, clearColor=(0.90,0.22,0.16,1.00) [FRAME CLEAR]
DEBUG: Clearing clear_bitmask after applying clear settings
DEBUG: Creating render encoder, loadAction=2, texture=0x61600005c780
DEBUG: updateCurrentRenderEncoder: depth_test=0, stencil_test=0, blend=1
DEBUG: Setting viewport from ctx=0x62d000014400: x=0, y=0, width=1280, height=1280
DEBUG: bindVertexBuffersToCurrentRenderEncoder: count=4
  Buffer 0: size=64, offset=0
    Vertex data (first 9 floats): 0.00 0.00 0.00, 0.00 0.00 -0.00, 0.00 0.00 0.00
  Buffer 1: size=393216, offset=0
  Buffer 2: size=262144, offset=0
  Buffer 3: size=131072, offset=0
DEBUG: Plain uniform count for stage 0: 1
DEBUG:   Plain uniform[0]: location=0, binding=0, buf=0x608000057da0
DEBUG:     Added to buffer_map at index 0, Metal buffer index=0
DEBUG: Vertex buffer map after mapping: count=4
  [0] buf=0x608000057da0, attribute_mask=0x0, buffer_base_index=0
  [1] buf=0x608000050fa0, attribute_mask=0x1, buffer_base_index=0
  [2] buf=0x608000051020, attribute_mask=0x2, buffer_base_index=0
  [3] buf=0x608000051120, attribute_mask=0x4, buffer_base_index=0
DEBUG: Plain uniform count for stage 4: 0
DEBUG: DIRTY_VAO but encoder exists, rebinding buffers on existing encoder
DEBUG: bindVertexBuffersToCurrentRenderEncoder: count=4
  Buffer 0: size=64, offset=0
    Vertex data (first 9 floats): 0.00 0.00 0.00, 0.00 0.00 -0.00, 0.00 0.00 0.00
  Buffer 1: size=393216, offset=0
  Buffer 2: size=262144, offset=0
  Buffer 3: size=131072, offset=0
DEBUG: processGLState - looking up pipeline with key=0x61e1e3ce43a880 (program=2, VAO=0x618000024c80, FBO=0x0)
DEBUG: Pipeline cache HIT - reusing existing pipeline for program 2
DEBUG: mtlDrawElements processGLState returned 1, pipeline=0x61f0000c5c80
DEBUG: mtlDrawElements calling Metal drawIndexedPrimitives, count=12, offset=0
DEBUG: mtlDrawElements Metal draw complete
DEBUG: mglBindVertexArray: array=0, ptr=0x0, old_vao=0x618000024c80
DEBUG: ===== EndDrawing CALLED =====
DEBUG: mglBindVertexArray: array=1, ptr=0x618000024c80, old_vao=0x0
DEBUG: mglBindVertexArray: array=0, ptr=0x0, old_vao=0x618000024c80
DEBUG: mglUniformMatrix4fv:762: mglUniformMatrix4fv: location=0, count=1, transpose=0
DEBUG: mglUniformMatrix4fv:768:   Matrix[0]: [0.003 0.000 0.000 0.000] [0.000 -0.003 0.000 0.000] [0.000 0.000 -2.000 0.000] [-1.000 1.000 -1.000 1.000]
DEBUG: checkUniformParams:266: checkUniformParams: location=0, ptr=0x61d0000eba80
DEBUG: checkUniformParams:291:   OK
DEBUG: mglBindVertexArray: array=1, ptr=0x618000024c80, old_vao=0x0
DEBUG: checkUniformParams:266: checkUniformParams: location=1, ptr=0x61d0000eba80
DEBUG: checkUniformParams:291:   OK
DEBUG: checkUniformParams:266: checkUniformParams: location=-1, ptr=0x61d0000eba80
DEBUG: checkUniformParams:273:   location < 0, silently ignoring
DEBUG: mglDrawElements:192: mglDrawElements: mode=4, count=30, type=5125, indices=0x0
DEBUG: mtlDrawElements called, count=30, VAO=0x618000024c80, program=1
DEBUG: Plain uniform count for stage 0: 1
DEBUG:   Plain uniform[0]: location=0, binding=0, buf=0x608000057da0
DEBUG:     Added to buffer_map at index 0, Metal buffer index=0
DEBUG: Vertex buffer map after mapping: count=4
  [0] buf=0x608000057da0, attribute_mask=0x0, buffer_base_index=0
  [1] buf=0x608000050fa0, attribute_mask=0x1, buffer_base_index=0
  [2] buf=0x608000051020, attribute_mask=0x2, buffer_base_index=0
  [3] buf=0x608000051120, attribute_mask=0x4, buffer_base_index=0
DEBUG: Plain uniform count for stage 4: 1
DEBUG:   Plain uniform[0]: location=1, binding=0, buf=0x608000058a20
DEBUG:     Added to buffer_map at index 0, Metal buffer index=0
DEBUG: DIRTY_VAO but encoder exists, rebinding buffers on existing encoder
DEBUG: bindVertexBuffersToCurrentRenderEncoder: count=4
  Buffer 0: size=64, offset=0
    Vertex data (first 9 floats): 0.00 0.00 0.00, 0.00 0.00 -0.00, 0.00 0.00 0.00
  Buffer 1: size=393216, offset=0
  Buffer 2: size=262144, offset=0
  Buffer 3: size=131072, offset=0
DEBUG: processGLState - looking up pipeline with key=0x61e1e3ce423a80 (program=1, VAO=0x618000024c80, FBO=0x0)
DEBUG: Pipeline cache HIT - reusing existing pipeline for program 1
DEBUG: mtlDrawElements processGLState returned 1, pipeline=0x61f000091480
DEBUG: mtlDrawElements calling Metal drawIndexedPrimitives, count=30, offset=0
DEBUG: mtlDrawElements Metal draw complete
DEBUG: mglBindVertexArray: array=0, ptr=0x0, old_vao=0x618000024c80
DEBUG: About to call SwapScreenBuffer from EndDrawing
DEBUG: SwapScreenBuffer called (raylib)

===== MGLswapBuffers called from application =====
DEBUG: endRenderEncoding - ending encoder 0x60d00007c6e0
DEBUG: endRenderEncoding - encoder set to NULL
===== MGLswapBuffers finished =====

DEBUG: glfwSwapBuffers returned
DEBUG: SwapScreenBuffer returned to EndDrawing
DEBUG: rlGetShaderIdDefault() returning 1 (RLGL.State.defaultShaderId = 1)
INFO: SHADER: [ID 2] Unloaded shader program data from VRAM (GPU)
DEBUG: endRenderEncoding - encoder was already NULL
INFO: TEXTURE: [ID 2] Unloaded texture data from VRAM (GPU)
DEBUG: mglBindVertexArray: array=1, ptr=0x618000024c80, old_vao=0x0
DEBUG: mglBindVertexArray: array=0, ptr=0x0, old_vao=0x618000024c80
DEBUG: endRenderEncoding - encoder was already NULL
DEBUG: endRenderEncoding - encoder was already NULL
DEBUG: endRenderEncoding - encoder was already NULL
DEBUG: endRenderEncoding - encoder was already NULL
DEBUG: mglDetachShader skipping DIRTY_PROGRAM on linked program 1
DEBUG: mglDetachShader skipping DIRTY_PROGRAM on linked program 1
INFO: SHADER: [ID 1] Default shader unloaded successfully
DEBUG: endRenderEncoding - encoder was already NULL
INFO: TEXTURE: [ID 1] Default texture unloaded successfully
createGLMContext: creating context at 0x62d000316400
  Context zeroed, viewport is now [0, 0, 0, 0]
INFO: Window closed successfully
